[0.138s] DEBUG:colcon:Command line arguments: ['/usr/bin/colcon', 'build', '--packages-select', 'ugv_description', 'ugv_tools', 'ugv_nav', 'ugv_slam', 'ugv_vision', 'ugv_web_app', 'ugv_chat_ai', '--symlink-install']
[0.138s] DEBUG:colcon:Parsed command line arguments: Namespace(log_base=None, log_level=None, verb_name='build', build_base='build', install_base='install', merge_install=False, symlink_install=True, test_result_base=None, continue_on_error=False, executor='parallel', parallel_workers=4, event_handlers=None, ignore_user_meta=False, metas=['./colcon.meta'], base_paths=['.'], packages_ignore=None, packages_ignore_regex=None, paths=None, packages_up_to=None, packages_up_to_regex=None, packages_above=None, packages_above_and_dependencies=None, packages_above_depth=None, packages_select_by_dep=None, packages_skip_by_dep=None, packages_skip_up_to=None, packages_select_build_failed=False, packages_skip_build_finished=False, packages_select_test_failures=False, packages_skip_test_passed=False, packages_select=['ugv_description', 'ugv_tools', 'ugv_nav', 'ugv_slam', 'ugv_vision', 'ugv_web_app', 'ugv_chat_ai'], packages_skip=None, packages_select_regex=None, packages_skip_regex=None, packages_start=None, packages_end=None, allow_overriding=[], cmake_args=None, cmake_target=None, cmake_target_skip_unavailable=False, cmake_clean_cache=False, cmake_clean_first=False, cmake_force_configure=False, ament_cmake_args=None, catkin_cmake_args=None, catkin_skip_building_tests=False, verb_parser=<colcon_defaults.argument_parser.defaults.DefaultArgumentsDecorator object at 0xffffbbcc4410>, verb_extension=<colcon_core.verb.build.BuildVerb object at 0xffffbc7392b0>, main=<bound method BuildVerb.main of <colcon_core.verb.build.BuildVerb object at 0xffffbc7392b0>>)
[0.193s] Level 1:colcon.colcon_core.package_discovery:discover_packages(colcon_meta) check parameters
[0.193s] Level 1:colcon.colcon_core.package_discovery:discover_packages(recursive) check parameters
[0.193s] Level 1:colcon.colcon_core.package_discovery:discover_packages(ignore) check parameters
[0.193s] Level 1:colcon.colcon_core.package_discovery:discover_packages(path) check parameters
[0.193s] Level 1:colcon.colcon_core.package_discovery:discover_packages(colcon_meta) discover
[0.193s] Level 1:colcon.colcon_core.package_discovery:discover_packages(recursive) discover
[0.193s] INFO:colcon.colcon_core.package_discovery:Crawling recursively for packages in '/home/nameless/ugv_ws_jazzy_port'
[0.193s] Level 1:colcon.colcon_core.package_identification:_identify(.) by extensions ['ignore', 'ignore_ament_install']
[0.193s] Level 1:colcon.colcon_core.package_identification:_identify(.) by extension 'ignore'
[0.194s] Level 1:colcon.colcon_core.package_identification:_identify(.) by extension 'ignore_ament_install'
[0.194s] Level 1:colcon.colcon_core.package_identification:_identify(.) by extensions ['colcon_pkg']
[0.194s] Level 1:colcon.colcon_core.package_identification:_identify(.) by extension 'colcon_pkg'
[0.194s] Level 1:colcon.colcon_core.package_identification:_identify(.) by extensions ['colcon_meta']
[0.194s] Level 1:colcon.colcon_core.package_identification:_identify(.) by extension 'colcon_meta'
[0.194s] Level 1:colcon.colcon_core.package_identification:_identify(.) by extensions ['ros']
[0.194s] Level 1:colcon.colcon_core.package_identification:_identify(.) by extension 'ros'
[0.229s] Level 1:colcon.colcon_core.package_identification:_identify(.) by extensions ['cmake', 'python']
[0.229s] Level 1:colcon.colcon_core.package_identification:_identify(.) by extension 'cmake'
[0.230s] Level 1:colcon.colcon_core.package_identification:_identify(.) by extension 'python'
[0.230s] Level 1:colcon.colcon_core.package_identification:_identify(.) by extensions ['python_setup_py']
[0.230s] Level 1:colcon.colcon_core.package_identification:_identify(.) by extension 'python_setup_py'
[0.230s] Level 1:colcon.colcon_core.package_identification:_identify(build) by extensions ['ignore', 'ignore_ament_install']
[0.230s] Level 1:colcon.colcon_core.package_identification:_identify(build) by extension 'ignore'
[0.230s] Level 1:colcon.colcon_core.package_identification:_identify(build) ignored
[0.230s] Level 1:colcon.colcon_core.package_identification:_identify(images) by extensions ['ignore', 'ignore_ament_install']
[0.230s] Level 1:colcon.colcon_core.package_identification:_identify(images) by extension 'ignore'
[0.230s] Level 1:colcon.colcon_core.package_identification:_identify(images) by extension 'ignore_ament_install'
[0.230s] Level 1:colcon.colcon_core.package_identification:_identify(images) by extensions ['colcon_pkg']
[0.230s] Level 1:colcon.colcon_core.package_identification:_identify(images) by extension 'colcon_pkg'
[0.230s] Level 1:colcon.colcon_core.package_identification:_identify(images) by extensions ['colcon_meta']
[0.231s] Level 1:colcon.colcon_core.package_identification:_identify(images) by extension 'colcon_meta'
[0.231s] Level 1:colcon.colcon_core.package_identification:_identify(images) by extensions ['ros']
[0.231s] Level 1:colcon.colcon_core.package_identification:_identify(images) by extension 'ros'
[0.231s] Level 1:colcon.colcon_core.package_identification:_identify(images) by extensions ['cmake', 'python']
[0.231s] Level 1:colcon.colcon_core.package_identification:_identify(images) by extension 'cmake'
[0.231s] Level 1:colcon.colcon_core.package_identification:_identify(images) by extension 'python'
[0.231s] Level 1:colcon.colcon_core.package_identification:_identify(images) by extensions ['python_setup_py']
[0.231s] Level 1:colcon.colcon_core.package_identification:_identify(images) by extension 'python_setup_py'
[0.231s] Level 1:colcon.colcon_core.package_identification:_identify(install) by extensions ['ignore', 'ignore_ament_install']
[0.231s] Level 1:colcon.colcon_core.package_identification:_identify(install) by extension 'ignore'
[0.231s] Level 1:colcon.colcon_core.package_identification:_identify(install) ignored
[0.231s] Level 1:colcon.colcon_core.package_identification:_identify(log) by extensions ['ignore', 'ignore_ament_install']
[0.231s] Level 1:colcon.colcon_core.package_identification:_identify(log) by extension 'ignore'
[0.231s] Level 1:colcon.colcon_core.package_identification:_identify(log) ignored
[0.231s] Level 1:colcon.colcon_core.package_identification:_identify(src) by extensions ['ignore', 'ignore_ament_install']
[0.232s] Level 1:colcon.colcon_core.package_identification:_identify(src) by extension 'ignore'
[0.232s] Level 1:colcon.colcon_core.package_identification:_identify(src) by extension 'ignore_ament_install'
[0.232s] Level 1:colcon.colcon_core.package_identification:_identify(src) by extensions ['colcon_pkg']
[0.232s] Level 1:colcon.colcon_core.package_identification:_identify(src) by extension 'colcon_pkg'
[0.232s] Level 1:colcon.colcon_core.package_identification:_identify(src) by extensions ['colcon_meta']
[0.232s] Level 1:colcon.colcon_core.package_identification:_identify(src) by extension 'colcon_meta'
[0.232s] Level 1:colcon.colcon_core.package_identification:_identify(src) by extensions ['ros']
[0.232s] Level 1:colcon.colcon_core.package_identification:_identify(src) by extension 'ros'
[0.232s] Level 1:colcon.colcon_core.package_identification:_identify(src) by extensions ['cmake', 'python']
[0.232s] Level 1:colcon.colcon_core.package_identification:_identify(src) by extension 'cmake'
[0.232s] Level 1:colcon.colcon_core.package_identification:_identify(src) by extension 'python'
[0.232s] Level 1:colcon.colcon_core.package_identification:_identify(src) by extensions ['python_setup_py']
[0.232s] Level 1:colcon.colcon_core.package_identification:_identify(src) by extension 'python_setup_py'
[0.232s] Level 1:colcon.colcon_core.package_identification:_identify(src/ugv_else) by extensions ['ignore', 'ignore_ament_install']
[0.232s] Level 1:colcon.colcon_core.package_identification:_identify(src/ugv_else) by extension 'ignore'
[0.232s] Level 1:colcon.colcon_core.package_identification:_identify(src/ugv_else) by extension 'ignore_ament_install'
[0.232s] Level 1:colcon.colcon_core.package_identification:_identify(src/ugv_else) by extensions ['colcon_pkg']
[0.232s] Level 1:colcon.colcon_core.package_identification:_identify(src/ugv_else) by extension 'colcon_pkg'
[0.232s] Level 1:colcon.colcon_core.package_identification:_identify(src/ugv_else) by extensions ['colcon_meta']
[0.232s] Level 1:colcon.colcon_core.package_identification:_identify(src/ugv_else) by extension 'colcon_meta'
[0.233s] Level 1:colcon.colcon_core.package_identification:_identify(src/ugv_else) by extensions ['ros']
[0.233s] Level 1:colcon.colcon_core.package_identification:_identify(src/ugv_else) by extension 'ros'
[0.233s] Level 1:colcon.colcon_core.package_identification:_identify(src/ugv_else) by extensions ['cmake', 'python']
[0.233s] Level 1:colcon.colcon_core.package_identification:_identify(src/ugv_else) by extension 'cmake'
[0.233s] Level 1:colcon.colcon_core.package_identification:_identify(src/ugv_else) by extension 'python'
[0.233s] Level 1:colcon.colcon_core.package_identification:_identify(src/ugv_else) by extensions ['python_setup_py']
[0.233s] Level 1:colcon.colcon_core.package_identification:_identify(src/ugv_else) by extension 'python_setup_py'
[0.233s] Level 1:colcon.colcon_core.package_identification:_identify(src/ugv_else/apriltag_ros) by extensions ['ignore', 'ignore_ament_install']
[0.233s] Level 1:colcon.colcon_core.package_identification:_identify(src/ugv_else/apriltag_ros) by extension 'ignore'
[0.233s] Level 1:colcon.colcon_core.package_identification:_identify(src/ugv_else/apriltag_ros) by extension 'ignore_ament_install'
[0.233s] Level 1:colcon.colcon_core.package_identification:_identify(src/ugv_else/apriltag_ros) by extensions ['colcon_pkg']
[0.233s] Level 1:colcon.colcon_core.package_identification:_identify(src/ugv_else/apriltag_ros) by extension 'colcon_pkg'
[0.233s] Level 1:colcon.colcon_core.package_identification:_identify(src/ugv_else/apriltag_ros) by extensions ['colcon_meta']
[0.233s] Level 1:colcon.colcon_core.package_identification:_identify(src/ugv_else/apriltag_ros) by extension 'colcon_meta'
[0.233s] Level 1:colcon.colcon_core.package_identification:_identify(src/ugv_else/apriltag_ros) by extensions ['ros']
[0.233s] Level 1:colcon.colcon_core.package_identification:_identify(src/ugv_else/apriltag_ros) by extension 'ros'
[0.233s] Level 1:colcon.colcon_core.package_identification:_identify(src/ugv_else/apriltag_ros) by extensions ['cmake', 'python']
[0.233s] Level 1:colcon.colcon_core.package_identification:_identify(src/ugv_else/apriltag_ros) by extension 'cmake'
[0.233s] Level 1:colcon.colcon_core.package_identification:_identify(src/ugv_else/apriltag_ros) by extension 'python'
[0.233s] Level 1:colcon.colcon_core.package_identification:_identify(src/ugv_else/apriltag_ros) by extensions ['python_setup_py']
[0.234s] Level 1:colcon.colcon_core.package_identification:_identify(src/ugv_else/apriltag_ros) by extension 'python_setup_py'
[0.234s] Level 1:colcon.colcon_core.package_identification:_identify(src/ugv_else/apriltag_ros/apriltag) by extensions ['ignore', 'ignore_ament_install']
[0.234s] Level 1:colcon.colcon_core.package_identification:_identify(src/ugv_else/apriltag_ros/apriltag) by extension 'ignore'
[0.234s] Level 1:colcon.colcon_core.package_identification:_identify(src/ugv_else/apriltag_ros/apriltag) by extension 'ignore_ament_install'
[0.234s] Level 1:colcon.colcon_core.package_identification:_identify(src/ugv_else/apriltag_ros/apriltag) by extensions ['colcon_pkg']
[0.234s] Level 1:colcon.colcon_core.package_identification:_identify(src/ugv_else/apriltag_ros/apriltag) by extension 'colcon_pkg'
[0.234s] Level 1:colcon.colcon_core.package_identification:_identify(src/ugv_else/apriltag_ros/apriltag) by extensions ['colcon_meta']
[0.234s] Level 1:colcon.colcon_core.package_identification:_identify(src/ugv_else/apriltag_ros/apriltag) by extension 'colcon_meta'
[0.234s] Level 1:colcon.colcon_core.package_identification:_identify(src/ugv_else/apriltag_ros/apriltag) by extensions ['ros']
[0.234s] Level 1:colcon.colcon_core.package_identification:_identify(src/ugv_else/apriltag_ros/apriltag) by extension 'ros'
[0.242s] DEBUG:colcon.colcon_core.package_identification:Package 'src/ugv_else/apriltag_ros/apriltag' with type 'ros.cmake' and name 'apriltag'
[0.242s] Level 1:colcon.colcon_core.package_identification:_identify(src/ugv_else/apriltag_ros/apriltag_msgs) by extensions ['ignore', 'ignore_ament_install']
[0.242s] Level 1:colcon.colcon_core.package_identification:_identify(src/ugv_else/apriltag_ros/apriltag_msgs) by extension 'ignore'
[0.242s] Level 1:colcon.colcon_core.package_identification:_identify(src/ugv_else/apriltag_ros/apriltag_msgs) by extension 'ignore_ament_install'
[0.243s] Level 1:colcon.colcon_core.package_identification:_identify(src/ugv_else/apriltag_ros/apriltag_msgs) by extensions ['colcon_pkg']
[0.243s] Level 1:colcon.colcon_core.package_identification:_identify(src/ugv_else/apriltag_ros/apriltag_msgs) by extension 'colcon_pkg'
[0.243s] Level 1:colcon.colcon_core.package_identification:_identify(src/ugv_else/apriltag_ros/apriltag_msgs) by extensions ['colcon_meta']
[0.243s] Level 1:colcon.colcon_core.package_identification:_identify(src/ugv_else/apriltag_ros/apriltag_msgs) by extension 'colcon_meta'
[0.243s] Level 1:colcon.colcon_core.package_identification:_identify(src/ugv_else/apriltag_ros/apriltag_msgs) by extensions ['ros']
[0.243s] Level 1:colcon.colcon_core.package_identification:_identify(src/ugv_else/apriltag_ros/apriltag_msgs) by extension 'ros'
[0.244s] DEBUG:colcon.colcon_core.package_identification:Package 'src/ugv_else/apriltag_ros/apriltag_msgs' with type 'ros.ament_cmake' and name 'apriltag_msgs'
[0.244s] Level 1:colcon.colcon_core.package_identification:_identify(src/ugv_else/apriltag_ros/apriltag_ros) by extensions ['ignore', 'ignore_ament_install']
[0.244s] Level 1:colcon.colcon_core.package_identification:_identify(src/ugv_else/apriltag_ros/apriltag_ros) by extension 'ignore'
[0.244s] Level 1:colcon.colcon_core.package_identification:_identify(src/ugv_else/apriltag_ros/apriltag_ros) by extension 'ignore_ament_install'
[0.244s] Level 1:colcon.colcon_core.package_identification:_identify(src/ugv_else/apriltag_ros/apriltag_ros) by extensions ['colcon_pkg']
[0.244s] Level 1:colcon.colcon_core.package_identification:_identify(src/ugv_else/apriltag_ros/apriltag_ros) by extension 'colcon_pkg'
[0.244s] Level 1:colcon.colcon_core.package_identification:_identify(src/ugv_else/apriltag_ros/apriltag_ros) by extensions ['colcon_meta']
[0.244s] Level 1:colcon.colcon_core.package_identification:_identify(src/ugv_else/apriltag_ros/apriltag_ros) by extension 'colcon_meta'
[0.244s] Level 1:colcon.colcon_core.package_identification:_identify(src/ugv_else/apriltag_ros/apriltag_ros) by extensions ['ros']
[0.244s] Level 1:colcon.colcon_core.package_identification:_identify(src/ugv_else/apriltag_ros/apriltag_ros) by extension 'ros'
[0.246s] DEBUG:colcon.colcon_core.package_identification:Package 'src/ugv_else/apriltag_ros/apriltag_ros' with type 'ros.ament_cmake' and name 'apriltag_ros'
[0.246s] Level 1:colcon.colcon_core.package_identification:_identify(src/ugv_else/costmap_converter) by extensions ['ignore', 'ignore_ament_install']
[0.246s] Level 1:colcon.colcon_core.package_identification:_identify(src/ugv_else/costmap_converter) by extension 'ignore'
[0.246s] Level 1:colcon.colcon_core.package_identification:_identify(src/ugv_else/costmap_converter) by extension 'ignore_ament_install'
[0.246s] Level 1:colcon.colcon_core.package_identification:_identify(src/ugv_else/costmap_converter) by extensions ['colcon_pkg']
[0.246s] Level 1:colcon.colcon_core.package_identification:_identify(src/ugv_else/costmap_converter) by extension 'colcon_pkg'
[0.246s] Level 1:colcon.colcon_core.package_identification:_identify(src/ugv_else/costmap_converter) by extensions ['colcon_meta']
[0.246s] Level 1:colcon.colcon_core.package_identification:_identify(src/ugv_else/costmap_converter) by extension 'colcon_meta'
[0.246s] Level 1:colcon.colcon_core.package_identification:_identify(src/ugv_else/costmap_converter) by extensions ['ros']
[0.246s] Level 1:colcon.colcon_core.package_identification:_identify(src/ugv_else/costmap_converter) by extension 'ros'
[0.246s] Level 1:colcon.colcon_core.package_identification:_identify(src/ugv_else/costmap_converter) by extensions ['cmake', 'python']
[0.246s] Level 1:colcon.colcon_core.package_identification:_identify(src/ugv_else/costmap_converter) by extension 'cmake'
[0.246s] Level 1:colcon.colcon_core.package_identification:_identify(src/ugv_else/costmap_converter) by extension 'python'
[0.246s] Level 1:colcon.colcon_core.package_identification:_identify(src/ugv_else/costmap_converter) by extensions ['python_setup_py']
[0.246s] Level 1:colcon.colcon_core.package_identification:_identify(src/ugv_else/costmap_converter) by extension 'python_setup_py'
[0.247s] Level 1:colcon.colcon_core.package_identification:_identify(src/ugv_else/costmap_converter/costmap_converter) by extensions ['ignore', 'ignore_ament_install']
[0.247s] Level 1:colcon.colcon_core.package_identification:_identify(src/ugv_else/costmap_converter/costmap_converter) by extension 'ignore'
[0.247s] Level 1:colcon.colcon_core.package_identification:_identify(src/ugv_else/costmap_converter/costmap_converter) by extension 'ignore_ament_install'
[0.247s] Level 1:colcon.colcon_core.package_identification:_identify(src/ugv_else/costmap_converter/costmap_converter) by extensions ['colcon_pkg']
[0.247s] Level 1:colcon.colcon_core.package_identification:_identify(src/ugv_else/costmap_converter/costmap_converter) by extension 'colcon_pkg'
[0.247s] Level 1:colcon.colcon_core.package_identification:_identify(src/ugv_else/costmap_converter/costmap_converter) by extensions ['colcon_meta']
[0.247s] Level 1:colcon.colcon_core.package_identification:_identify(src/ugv_else/costmap_converter/costmap_converter) by extension 'colcon_meta'
[0.247s] Level 1:colcon.colcon_core.package_identification:_identify(src/ugv_else/costmap_converter/costmap_converter) by extensions ['ros']
[0.247s] Level 1:colcon.colcon_core.package_identification:_identify(src/ugv_else/costmap_converter/costmap_converter) by extension 'ros'
[0.248s] DEBUG:colcon.colcon_core.package_identification:Package 'src/ugv_else/costmap_converter/costmap_converter' with type 'ros.ament_cmake' and name 'costmap_converter'
[0.248s] Level 1:colcon.colcon_core.package_identification:_identify(src/ugv_else/costmap_converter/costmap_converter_msgs) by extensions ['ignore', 'ignore_ament_install']
[0.248s] Level 1:colcon.colcon_core.package_identification:_identify(src/ugv_else/costmap_converter/costmap_converter_msgs) by extension 'ignore'
[0.248s] Level 1:colcon.colcon_core.package_identification:_identify(src/ugv_else/costmap_converter/costmap_converter_msgs) by extension 'ignore_ament_install'
[0.248s] Level 1:colcon.colcon_core.package_identification:_identify(src/ugv_else/costmap_converter/costmap_converter_msgs) by extensions ['colcon_pkg']
[0.248s] Level 1:colcon.colcon_core.package_identification:_identify(src/ugv_else/costmap_converter/costmap_converter_msgs) by extension 'colcon_pkg'
[0.248s] Level 1:colcon.colcon_core.package_identification:_identify(src/ugv_else/costmap_converter/costmap_converter_msgs) by extensions ['colcon_meta']
[0.248s] Level 1:colcon.colcon_core.package_identification:_identify(src/ugv_else/costmap_converter/costmap_converter_msgs) by extension 'colcon_meta'
[0.249s] Level 1:colcon.colcon_core.package_identification:_identify(src/ugv_else/costmap_converter/costmap_converter_msgs) by extensions ['ros']
[0.249s] Level 1:colcon.colcon_core.package_identification:_identify(src/ugv_else/costmap_converter/costmap_converter_msgs) by extension 'ros'
[0.249s] DEBUG:colcon.colcon_core.package_identification:Package 'src/ugv_else/costmap_converter/costmap_converter_msgs' with type 'ros.ament_cmake' and name 'costmap_converter_msgs'
[0.249s] Level 1:colcon.colcon_core.package_identification:_identify(src/ugv_else/emcl2_ros2) by extensions ['ignore', 'ignore_ament_install']
[0.249s] Level 1:colcon.colcon_core.package_identification:_identify(src/ugv_else/emcl2_ros2) by extension 'ignore'
[0.249s] Level 1:colcon.colcon_core.package_identification:_identify(src/ugv_else/emcl2_ros2) by extension 'ignore_ament_install'
[0.249s] Level 1:colcon.colcon_core.package_identification:_identify(src/ugv_else/emcl2_ros2) by extensions ['colcon_pkg']
[0.250s] Level 1:colcon.colcon_core.package_identification:_identify(src/ugv_else/emcl2_ros2) by extension 'colcon_pkg'
[0.250s] Level 1:colcon.colcon_core.package_identification:_identify(src/ugv_else/emcl2_ros2) by extensions ['colcon_meta']
[0.250s] Level 1:colcon.colcon_core.package_identification:_identify(src/ugv_else/emcl2_ros2) by extension 'colcon_meta'
[0.250s] Level 1:colcon.colcon_core.package_identification:_identify(src/ugv_else/emcl2_ros2) by extensions ['ros']
[0.250s] Level 1:colcon.colcon_core.package_identification:_identify(src/ugv_else/emcl2_ros2) by extension 'ros'
[0.251s] DEBUG:colcon.colcon_core.package_identification:Package 'src/ugv_else/emcl2_ros2' with type 'ros.ament_cmake' and name 'emcl2'
[0.251s] Level 1:colcon.colcon_core.package_identification:_identify(src/ugv_else/explore_lite) by extensions ['ignore', 'ignore_ament_install']
[0.251s] Level 1:colcon.colcon_core.package_identification:_identify(src/ugv_else/explore_lite) by extension 'ignore'
[0.251s] Level 1:colcon.colcon_core.package_identification:_identify(src/ugv_else/explore_lite) by extension 'ignore_ament_install'
[0.251s] Level 1:colcon.colcon_core.package_identification:_identify(src/ugv_else/explore_lite) by extensions ['colcon_pkg']
[0.251s] Level 1:colcon.colcon_core.package_identification:_identify(src/ugv_else/explore_lite) by extension 'colcon_pkg'
[0.251s] Level 1:colcon.colcon_core.package_identification:_identify(src/ugv_else/explore_lite) by extensions ['colcon_meta']
[0.252s] Level 1:colcon.colcon_core.package_identification:_identify(src/ugv_else/explore_lite) by extension 'colcon_meta'
[0.252s] Level 1:colcon.colcon_core.package_identification:_identify(src/ugv_else/explore_lite) by extensions ['ros']
[0.252s] Level 1:colcon.colcon_core.package_identification:_identify(src/ugv_else/explore_lite) by extension 'ros'
[0.253s] DEBUG:colcon.colcon_core.package_identification:Package 'src/ugv_else/explore_lite' with type 'ros.ament_cmake' and name 'explore_lite'
[0.253s] Level 1:colcon.colcon_core.package_identification:_identify(src/ugv_else/ldlidar) by extensions ['ignore', 'ignore_ament_install']
[0.253s] Level 1:colcon.colcon_core.package_identification:_identify(src/ugv_else/ldlidar) by extension 'ignore'
[0.253s] Level 1:colcon.colcon_core.package_identification:_identify(src/ugv_else/ldlidar) by extension 'ignore_ament_install'
[0.253s] Level 1:colcon.colcon_core.package_identification:_identify(src/ugv_else/ldlidar) by extensions ['colcon_pkg']
[0.253s] Level 1:colcon.colcon_core.package_identification:_identify(src/ugv_else/ldlidar) by extension 'colcon_pkg'
[0.253s] Level 1:colcon.colcon_core.package_identification:_identify(src/ugv_else/ldlidar) by extensions ['colcon_meta']
[0.253s] Level 1:colcon.colcon_core.package_identification:_identify(src/ugv_else/ldlidar) by extension 'colcon_meta'
[0.253s] Level 1:colcon.colcon_core.package_identification:_identify(src/ugv_else/ldlidar) by extensions ['ros']
[0.253s] Level 1:colcon.colcon_core.package_identification:_identify(src/ugv_else/ldlidar) by extension 'ros'
[0.254s] DEBUG:colcon.colcon_core.package_identification:Package 'src/ugv_else/ldlidar' with type 'ros.ament_cmake' and name 'ldlidar'
[0.254s] Level 1:colcon.colcon_core.package_identification:_identify(src/ugv_else/rf2o_laser_odometry) by extensions ['ignore', 'ignore_ament_install']
[0.254s] Level 1:colcon.colcon_core.package_identification:_identify(src/ugv_else/rf2o_laser_odometry) by extension 'ignore'
[0.254s] Level 1:colcon.colcon_core.package_identification:_identify(src/ugv_else/rf2o_laser_odometry) by extension 'ignore_ament_install'
[0.254s] Level 1:colcon.colcon_core.package_identification:_identify(src/ugv_else/rf2o_laser_odometry) by extensions ['colcon_pkg']
[0.254s] Level 1:colcon.colcon_core.package_identification:_identify(src/ugv_else/rf2o_laser_odometry) by extension 'colcon_pkg'
[0.254s] Level 1:colcon.colcon_core.package_identification:_identify(src/ugv_else/rf2o_laser_odometry) by extensions ['colcon_meta']
[0.254s] Level 1:colcon.colcon_core.package_identification:_identify(src/ugv_else/rf2o_laser_odometry) by extension 'colcon_meta'
[0.254s] Level 1:colcon.colcon_core.package_identification:_identify(src/ugv_else/rf2o_laser_odometry) by extensions ['ros']
[0.254s] Level 1:colcon.colcon_core.package_identification:_identify(src/ugv_else/rf2o_laser_odometry) by extension 'ros'
[0.255s] DEBUG:colcon.colcon_core.package_identification:Package 'src/ugv_else/rf2o_laser_odometry' with type 'ros.ament_cmake' and name 'rf2o_laser_odometry'
[0.256s] Level 1:colcon.colcon_core.package_identification:_identify(src/ugv_else/robot_pose_publisher) by extensions ['ignore', 'ignore_ament_install']
[0.256s] Level 1:colcon.colcon_core.package_identification:_identify(src/ugv_else/robot_pose_publisher) by extension 'ignore'
[0.256s] Level 1:colcon.colcon_core.package_identification:_identify(src/ugv_else/robot_pose_publisher) by extension 'ignore_ament_install'
[0.256s] Level 1:colcon.colcon_core.package_identification:_identify(src/ugv_else/robot_pose_publisher) by extensions ['colcon_pkg']
[0.256s] Level 1:colcon.colcon_core.package_identification:_identify(src/ugv_else/robot_pose_publisher) by extension 'colcon_pkg'
[0.256s] Level 1:colcon.colcon_core.package_identification:_identify(src/ugv_else/robot_pose_publisher) by extensions ['colcon_meta']
[0.256s] Level 1:colcon.colcon_core.package_identification:_identify(src/ugv_else/robot_pose_publisher) by extension 'colcon_meta'
[0.256s] Level 1:colcon.colcon_core.package_identification:_identify(src/ugv_else/robot_pose_publisher) by extensions ['ros']
[0.256s] Level 1:colcon.colcon_core.package_identification:_identify(src/ugv_else/robot_pose_publisher) by extension 'ros'
[0.257s] DEBUG:colcon.colcon_core.package_identification:Package 'src/ugv_else/robot_pose_publisher' with type 'ros.ament_cmake' and name 'robot_pose_publisher'
[0.257s] Level 1:colcon.colcon_core.package_identification:_identify(src/ugv_else/teb_local_planner) by extensions ['ignore', 'ignore_ament_install']
[0.257s] Level 1:colcon.colcon_core.package_identification:_identify(src/ugv_else/teb_local_planner) by extension 'ignore'
[0.257s] Level 1:colcon.colcon_core.package_identification:_identify(src/ugv_else/teb_local_planner) by extension 'ignore_ament_install'
[0.257s] Level 1:colcon.colcon_core.package_identification:_identify(src/ugv_else/teb_local_planner) by extensions ['colcon_pkg']
[0.257s] Level 1:colcon.colcon_core.package_identification:_identify(src/ugv_else/teb_local_planner) by extension 'colcon_pkg'
[0.257s] Level 1:colcon.colcon_core.package_identification:_identify(src/ugv_else/teb_local_planner) by extensions ['colcon_meta']
[0.257s] Level 1:colcon.colcon_core.package_identification:_identify(src/ugv_else/teb_local_planner) by extension 'colcon_meta'
[0.257s] Level 1:colcon.colcon_core.package_identification:_identify(src/ugv_else/teb_local_planner) by extensions ['ros']
[0.257s] Level 1:colcon.colcon_core.package_identification:_identify(src/ugv_else/teb_local_planner) by extension 'ros'
[0.257s] Level 1:colcon.colcon_core.package_identification:_identify(src/ugv_else/teb_local_planner) by extensions ['cmake', 'python']
[0.257s] Level 1:colcon.colcon_core.package_identification:_identify(src/ugv_else/teb_local_planner) by extension 'cmake'
[0.257s] Level 1:colcon.colcon_core.package_identification:_identify(src/ugv_else/teb_local_planner) by extension 'python'
[0.257s] Level 1:colcon.colcon_core.package_identification:_identify(src/ugv_else/teb_local_planner) by extensions ['python_setup_py']
[0.257s] Level 1:colcon.colcon_core.package_identification:_identify(src/ugv_else/teb_local_planner) by extension 'python_setup_py'
[0.257s] Level 1:colcon.colcon_core.package_identification:_identify(src/ugv_else/teb_local_planner/teb_local_planner) by extensions ['ignore', 'ignore_ament_install']
[0.258s] Level 1:colcon.colcon_core.package_identification:_identify(src/ugv_else/teb_local_planner/teb_local_planner) by extension 'ignore'
[0.258s] Level 1:colcon.colcon_core.package_identification:_identify(src/ugv_else/teb_local_planner/teb_local_planner) by extension 'ignore_ament_install'
[0.258s] Level 1:colcon.colcon_core.package_identification:_identify(src/ugv_else/teb_local_planner/teb_local_planner) by extensions ['colcon_pkg']
[0.258s] Level 1:colcon.colcon_core.package_identification:_identify(src/ugv_else/teb_local_planner/teb_local_planner) by extension 'colcon_pkg'
[0.258s] Level 1:colcon.colcon_core.package_identification:_identify(src/ugv_else/teb_local_planner/teb_local_planner) by extensions ['colcon_meta']
[0.258s] Level 1:colcon.colcon_core.package_identification:_identify(src/ugv_else/teb_local_planner/teb_local_planner) by extension 'colcon_meta'
[0.258s] Level 1:colcon.colcon_core.package_identification:_identify(src/ugv_else/teb_local_planner/teb_local_planner) by extensions ['ros']
[0.258s] Level 1:colcon.colcon_core.package_identification:_identify(src/ugv_else/teb_local_planner/teb_local_planner) by extension 'ros'
[0.260s] DEBUG:colcon.colcon_core.package_identification:Package 'src/ugv_else/teb_local_planner/teb_local_planner' with type 'ros.ament_cmake' and name 'teb_local_planner'
[0.260s] Level 1:colcon.colcon_core.package_identification:_identify(src/ugv_else/teb_local_planner/teb_msgs) by extensions ['ignore', 'ignore_ament_install']
[0.260s] Level 1:colcon.colcon_core.package_identification:_identify(src/ugv_else/teb_local_planner/teb_msgs) by extension 'ignore'
[0.260s] Level 1:colcon.colcon_core.package_identification:_identify(src/ugv_else/teb_local_planner/teb_msgs) by extension 'ignore_ament_install'
[0.260s] Level 1:colcon.colcon_core.package_identification:_identify(src/ugv_else/teb_local_planner/teb_msgs) by extensions ['colcon_pkg']
[0.260s] Level 1:colcon.colcon_core.package_identification:_identify(src/ugv_else/teb_local_planner/teb_msgs) by extension 'colcon_pkg'
[0.260s] Level 1:colcon.colcon_core.package_identification:_identify(src/ugv_else/teb_local_planner/teb_msgs) by extensions ['colcon_meta']
[0.260s] Level 1:colcon.colcon_core.package_identification:_identify(src/ugv_else/teb_local_planner/teb_msgs) by extension 'colcon_meta'
[0.261s] Level 1:colcon.colcon_core.package_identification:_identify(src/ugv_else/teb_local_planner/teb_msgs) by extensions ['ros']
[0.261s] Level 1:colcon.colcon_core.package_identification:_identify(src/ugv_else/teb_local_planner/teb_msgs) by extension 'ros'
[0.261s] DEBUG:colcon.colcon_core.package_identification:Package 'src/ugv_else/teb_local_planner/teb_msgs' with type 'ros.ament_cmake' and name 'teb_msgs'
[0.261s] Level 1:colcon.colcon_core.package_identification:_identify(src/ugv_else/vizanti) by extensions ['ignore', 'ignore_ament_install']
[0.261s] Level 1:colcon.colcon_core.package_identification:_identify(src/ugv_else/vizanti) by extension 'ignore'
[0.261s] Level 1:colcon.colcon_core.package_identification:_identify(src/ugv_else/vizanti) by extension 'ignore_ament_install'
[0.261s] Level 1:colcon.colcon_core.package_identification:_identify(src/ugv_else/vizanti) by extensions ['colcon_pkg']
[0.262s] Level 1:colcon.colcon_core.package_identification:_identify(src/ugv_else/vizanti) by extension 'colcon_pkg'
[0.262s] Level 1:colcon.colcon_core.package_identification:_identify(src/ugv_else/vizanti) by extensions ['colcon_meta']
[0.262s] Level 1:colcon.colcon_core.package_identification:_identify(src/ugv_else/vizanti) by extension 'colcon_meta'
[0.262s] Level 1:colcon.colcon_core.package_identification:_identify(src/ugv_else/vizanti) by extensions ['ros']
[0.262s] Level 1:colcon.colcon_core.package_identification:_identify(src/ugv_else/vizanti) by extension 'ros'
[0.262s] Level 1:colcon.colcon_core.package_identification:_identify(src/ugv_else/vizanti) by extensions ['cmake', 'python']
[0.262s] Level 1:colcon.colcon_core.package_identification:_identify(src/ugv_else/vizanti) by extension 'cmake'
[0.262s] Level 1:colcon.colcon_core.package_identification:_identify(src/ugv_else/vizanti) by extension 'python'
[0.262s] Level 1:colcon.colcon_core.package_identification:_identify(src/ugv_else/vizanti) by extensions ['python_setup_py']
[0.262s] Level 1:colcon.colcon_core.package_identification:_identify(src/ugv_else/vizanti) by extension 'python_setup_py'
[0.262s] Level 1:colcon.colcon_core.package_identification:_identify(src/ugv_else/vizanti/vizanti) by extensions ['ignore', 'ignore_ament_install']
[0.262s] Level 1:colcon.colcon_core.package_identification:_identify(src/ugv_else/vizanti/vizanti) by extension 'ignore'
[0.262s] Level 1:colcon.colcon_core.package_identification:_identify(src/ugv_else/vizanti/vizanti) by extension 'ignore_ament_install'
[0.262s] Level 1:colcon.colcon_core.package_identification:_identify(src/ugv_else/vizanti/vizanti) by extensions ['colcon_pkg']
[0.262s] Level 1:colcon.colcon_core.package_identification:_identify(src/ugv_else/vizanti/vizanti) by extension 'colcon_pkg'
[0.262s] Level 1:colcon.colcon_core.package_identification:_identify(src/ugv_else/vizanti/vizanti) by extensions ['colcon_meta']
[0.262s] Level 1:colcon.colcon_core.package_identification:_identify(src/ugv_else/vizanti/vizanti) by extension 'colcon_meta'
[0.262s] Level 1:colcon.colcon_core.package_identification:_identify(src/ugv_else/vizanti/vizanti) by extensions ['ros']
[0.262s] Level 1:colcon.colcon_core.package_identification:_identify(src/ugv_else/vizanti/vizanti) by extension 'ros'
[0.263s] DEBUG:colcon.colcon_core.package_identification:Package 'src/ugv_else/vizanti/vizanti' with type 'ros.ament_cmake' and name 'vizanti'
[0.263s] Level 1:colcon.colcon_core.package_identification:_identify(src/ugv_else/vizanti/vizanti_cpp) by extensions ['ignore', 'ignore_ament_install']
[0.263s] Level 1:colcon.colcon_core.package_identification:_identify(src/ugv_else/vizanti/vizanti_cpp) by extension 'ignore'
[0.263s] Level 1:colcon.colcon_core.package_identification:_identify(src/ugv_else/vizanti/vizanti_cpp) by extension 'ignore_ament_install'
[0.263s] Level 1:colcon.colcon_core.package_identification:_identify(src/ugv_else/vizanti/vizanti_cpp) by extensions ['colcon_pkg']
[0.263s] Level 1:colcon.colcon_core.package_identification:_identify(src/ugv_else/vizanti/vizanti_cpp) by extension 'colcon_pkg'
[0.263s] Level 1:colcon.colcon_core.package_identification:_identify(src/ugv_else/vizanti/vizanti_cpp) by extensions ['colcon_meta']
[0.263s] Level 1:colcon.colcon_core.package_identification:_identify(src/ugv_else/vizanti/vizanti_cpp) by extension 'colcon_meta'
[0.263s] Level 1:colcon.colcon_core.package_identification:_identify(src/ugv_else/vizanti/vizanti_cpp) by extensions ['ros']
[0.263s] Level 1:colcon.colcon_core.package_identification:_identify(src/ugv_else/vizanti/vizanti_cpp) by extension 'ros'
[0.264s] DEBUG:colcon.colcon_core.package_identification:Package 'src/ugv_else/vizanti/vizanti_cpp' with type 'ros.ament_cmake' and name 'vizanti_cpp'
[0.264s] Level 1:colcon.colcon_core.package_identification:_identify(src/ugv_else/vizanti/vizanti_demos) by extensions ['ignore', 'ignore_ament_install']
[0.264s] Level 1:colcon.colcon_core.package_identification:_identify(src/ugv_else/vizanti/vizanti_demos) by extension 'ignore'
[0.265s] Level 1:colcon.colcon_core.package_identification:_identify(src/ugv_else/vizanti/vizanti_demos) by extension 'ignore_ament_install'
[0.265s] Level 1:colcon.colcon_core.package_identification:_identify(src/ugv_else/vizanti/vizanti_demos) by extensions ['colcon_pkg']
[0.265s] Level 1:colcon.colcon_core.package_identification:_identify(src/ugv_else/vizanti/vizanti_demos) by extension 'colcon_pkg'
[0.265s] Level 1:colcon.colcon_core.package_identification:_identify(src/ugv_else/vizanti/vizanti_demos) by extensions ['colcon_meta']
[0.265s] Level 1:colcon.colcon_core.package_identification:_identify(src/ugv_else/vizanti/vizanti_demos) by extension 'colcon_meta'
[0.265s] Level 1:colcon.colcon_core.package_identification:_identify(src/ugv_else/vizanti/vizanti_demos) by extensions ['ros']
[0.265s] Level 1:colcon.colcon_core.package_identification:_identify(src/ugv_else/vizanti/vizanti_demos) by extension 'ros'
[0.266s] DEBUG:colcon.colcon_core.package_identification:Package 'src/ugv_else/vizanti/vizanti_demos' with type 'ros.ament_cmake' and name 'vizanti_demos'
[0.266s] Level 1:colcon.colcon_core.package_identification:_identify(src/ugv_else/vizanti/vizanti_msgs) by extensions ['ignore', 'ignore_ament_install']
[0.266s] Level 1:colcon.colcon_core.package_identification:_identify(src/ugv_else/vizanti/vizanti_msgs) by extension 'ignore'
[0.266s] Level 1:colcon.colcon_core.package_identification:_identify(src/ugv_else/vizanti/vizanti_msgs) by extension 'ignore_ament_install'
[0.267s] Level 1:colcon.colcon_core.package_identification:_identify(src/ugv_else/vizanti/vizanti_msgs) by extensions ['colcon_pkg']
[0.267s] Level 1:colcon.colcon_core.package_identification:_identify(src/ugv_else/vizanti/vizanti_msgs) by extension 'colcon_pkg'
[0.267s] Level 1:colcon.colcon_core.package_identification:_identify(src/ugv_else/vizanti/vizanti_msgs) by extensions ['colcon_meta']
[0.267s] Level 1:colcon.colcon_core.package_identification:_identify(src/ugv_else/vizanti/vizanti_msgs) by extension 'colcon_meta'
[0.267s] Level 1:colcon.colcon_core.package_identification:_identify(src/ugv_else/vizanti/vizanti_msgs) by extensions ['ros']
[0.267s] Level 1:colcon.colcon_core.package_identification:_identify(src/ugv_else/vizanti/vizanti_msgs) by extension 'ros'
[0.268s] DEBUG:colcon.colcon_core.package_identification:Package 'src/ugv_else/vizanti/vizanti_msgs' with type 'ros.ament_cmake' and name 'vizanti_msgs'
[0.268s] Level 1:colcon.colcon_core.package_identification:_identify(src/ugv_else/vizanti/vizanti_server) by extensions ['ignore', 'ignore_ament_install']
[0.268s] Level 1:colcon.colcon_core.package_identification:_identify(src/ugv_else/vizanti/vizanti_server) by extension 'ignore'
[0.268s] Level 1:colcon.colcon_core.package_identification:_identify(src/ugv_else/vizanti/vizanti_server) by extension 'ignore_ament_install'
[0.268s] Level 1:colcon.colcon_core.package_identification:_identify(src/ugv_else/vizanti/vizanti_server) by extensions ['colcon_pkg']
[0.268s] Level 1:colcon.colcon_core.package_identification:_identify(src/ugv_else/vizanti/vizanti_server) by extension 'colcon_pkg'
[0.268s] Level 1:colcon.colcon_core.package_identification:_identify(src/ugv_else/vizanti/vizanti_server) by extensions ['colcon_meta']
[0.268s] Level 1:colcon.colcon_core.package_identification:_identify(src/ugv_else/vizanti/vizanti_server) by extension 'colcon_meta'
[0.268s] Level 1:colcon.colcon_core.package_identification:_identify(src/ugv_else/vizanti/vizanti_server) by extensions ['ros']
[0.268s] Level 1:colcon.colcon_core.package_identification:_identify(src/ugv_else/vizanti/vizanti_server) by extension 'ros'
[0.269s] DEBUG:colcon.colcon_core.package_identification:Package 'src/ugv_else/vizanti/vizanti_server' with type 'ros.ament_cmake' and name 'vizanti_server'
[0.269s] Level 1:colcon.colcon_core.package_identification:_identify(src/ugv_main) by extensions ['ignore', 'ignore_ament_install']
[0.269s] Level 1:colcon.colcon_core.package_identification:_identify(src/ugv_main) by extension 'ignore'
[0.270s] Level 1:colcon.colcon_core.package_identification:_identify(src/ugv_main) by extension 'ignore_ament_install'
[0.270s] Level 1:colcon.colcon_core.package_identification:_identify(src/ugv_main) by extensions ['colcon_pkg']
[0.270s] Level 1:colcon.colcon_core.package_identification:_identify(src/ugv_main) by extension 'colcon_pkg'
[0.270s] Level 1:colcon.colcon_core.package_identification:_identify(src/ugv_main) by extensions ['colcon_meta']
[0.270s] Level 1:colcon.colcon_core.package_identification:_identify(src/ugv_main) by extension 'colcon_meta'
[0.270s] Level 1:colcon.colcon_core.package_identification:_identify(src/ugv_main) by extensions ['ros']
[0.270s] Level 1:colcon.colcon_core.package_identification:_identify(src/ugv_main) by extension 'ros'
[0.270s] Level 1:colcon.colcon_core.package_identification:_identify(src/ugv_main) by extensions ['cmake', 'python']
[0.270s] Level 1:colcon.colcon_core.package_identification:_identify(src/ugv_main) by extension 'cmake'
[0.270s] Level 1:colcon.colcon_core.package_identification:_identify(src/ugv_main) by extension 'python'
[0.270s] Level 1:colcon.colcon_core.package_identification:_identify(src/ugv_main) by extensions ['python_setup_py']
[0.270s] Level 1:colcon.colcon_core.package_identification:_identify(src/ugv_main) by extension 'python_setup_py'
[0.270s] Level 1:colcon.colcon_core.package_identification:_identify(src/ugv_main/ugv_base_node) by extensions ['ignore', 'ignore_ament_install']
[0.270s] Level 1:colcon.colcon_core.package_identification:_identify(src/ugv_main/ugv_base_node) by extension 'ignore'
[0.270s] Level 1:colcon.colcon_core.package_identification:_identify(src/ugv_main/ugv_base_node) by extension 'ignore_ament_install'
[0.270s] Level 1:colcon.colcon_core.package_identification:_identify(src/ugv_main/ugv_base_node) by extensions ['colcon_pkg']
[0.270s] Level 1:colcon.colcon_core.package_identification:_identify(src/ugv_main/ugv_base_node) by extension 'colcon_pkg'
[0.270s] Level 1:colcon.colcon_core.package_identification:_identify(src/ugv_main/ugv_base_node) by extensions ['colcon_meta']
[0.270s] Level 1:colcon.colcon_core.package_identification:_identify(src/ugv_main/ugv_base_node) by extension 'colcon_meta'
[0.271s] Level 1:colcon.colcon_core.package_identification:_identify(src/ugv_main/ugv_base_node) by extensions ['ros']
[0.271s] Level 1:colcon.colcon_core.package_identification:_identify(src/ugv_main/ugv_base_node) by extension 'ros'
[0.271s] DEBUG:colcon.colcon_core.package_identification:Package 'src/ugv_main/ugv_base_node' with type 'ros.ament_cmake' and name 'ugv_base_node'
[0.272s] Level 1:colcon.colcon_core.package_identification:_identify(src/ugv_main/ugv_bringup) by extensions ['ignore', 'ignore_ament_install']
[0.272s] Level 1:colcon.colcon_core.package_identification:_identify(src/ugv_main/ugv_bringup) by extension 'ignore'
[0.272s] Level 1:colcon.colcon_core.package_identification:_identify(src/ugv_main/ugv_bringup) by extension 'ignore_ament_install'
[0.272s] Level 1:colcon.colcon_core.package_identification:_identify(src/ugv_main/ugv_bringup) by extensions ['colcon_pkg']
[0.272s] Level 1:colcon.colcon_core.package_identification:_identify(src/ugv_main/ugv_bringup) by extension 'colcon_pkg'
[0.272s] Level 1:colcon.colcon_core.package_identification:_identify(src/ugv_main/ugv_bringup) by extensions ['colcon_meta']
[0.272s] Level 1:colcon.colcon_core.package_identification:_identify(src/ugv_main/ugv_bringup) by extension 'colcon_meta'
[0.272s] Level 1:colcon.colcon_core.package_identification:_identify(src/ugv_main/ugv_bringup) by extensions ['ros']
[0.272s] Level 1:colcon.colcon_core.package_identification:_identify(src/ugv_main/ugv_bringup) by extension 'ros'
[0.273s] DEBUG:colcon.colcon_core.package_identification:Package 'src/ugv_main/ugv_bringup' with type 'ros.ament_python' and name 'ugv_bringup'
[0.273s] Level 1:colcon.colcon_core.package_identification:_identify(src/ugv_main/ugv_chat_ai) by extensions ['ignore', 'ignore_ament_install']
[0.273s] Level 1:colcon.colcon_core.package_identification:_identify(src/ugv_main/ugv_chat_ai) by extension 'ignore'
[0.273s] Level 1:colcon.colcon_core.package_identification:_identify(src/ugv_main/ugv_chat_ai) by extension 'ignore_ament_install'
[0.273s] Level 1:colcon.colcon_core.package_identification:_identify(src/ugv_main/ugv_chat_ai) by extensions ['colcon_pkg']
[0.273s] Level 1:colcon.colcon_core.package_identification:_identify(src/ugv_main/ugv_chat_ai) by extension 'colcon_pkg'
[0.273s] Level 1:colcon.colcon_core.package_identification:_identify(src/ugv_main/ugv_chat_ai) by extensions ['colcon_meta']
[0.273s] Level 1:colcon.colcon_core.package_identification:_identify(src/ugv_main/ugv_chat_ai) by extension 'colcon_meta'
[0.273s] Level 1:colcon.colcon_core.package_identification:_identify(src/ugv_main/ugv_chat_ai) by extensions ['ros']
[0.273s] Level 1:colcon.colcon_core.package_identification:_identify(src/ugv_main/ugv_chat_ai) by extension 'ros'
[0.274s] DEBUG:colcon.colcon_core.package_identification:Package 'src/ugv_main/ugv_chat_ai' with type 'ros.ament_python' and name 'ugv_chat_ai'
[0.274s] Level 1:colcon.colcon_core.package_identification:_identify(src/ugv_main/ugv_description) by extensions ['ignore', 'ignore_ament_install']
[0.274s] Level 1:colcon.colcon_core.package_identification:_identify(src/ugv_main/ugv_description) by extension 'ignore'
[0.274s] Level 1:colcon.colcon_core.package_identification:_identify(src/ugv_main/ugv_description) by extension 'ignore_ament_install'
[0.274s] Level 1:colcon.colcon_core.package_identification:_identify(src/ugv_main/ugv_description) by extensions ['colcon_pkg']
[0.274s] Level 1:colcon.colcon_core.package_identification:_identify(src/ugv_main/ugv_description) by extension 'colcon_pkg'
[0.274s] Level 1:colcon.colcon_core.package_identification:_identify(src/ugv_main/ugv_description) by extensions ['colcon_meta']
[0.274s] Level 1:colcon.colcon_core.package_identification:_identify(src/ugv_main/ugv_description) by extension 'colcon_meta'
[0.274s] Level 1:colcon.colcon_core.package_identification:_identify(src/ugv_main/ugv_description) by extensions ['ros']
[0.274s] Level 1:colcon.colcon_core.package_identification:_identify(src/ugv_main/ugv_description) by extension 'ros'
[0.275s] DEBUG:colcon.colcon_core.package_identification:Package 'src/ugv_main/ugv_description' with type 'ros.ament_cmake' and name 'ugv_description'
[0.275s] Level 1:colcon.colcon_core.package_identification:_identify(src/ugv_main/ugv_gazebo) by extensions ['ignore', 'ignore_ament_install']
[0.275s] Level 1:colcon.colcon_core.package_identification:_identify(src/ugv_main/ugv_gazebo) by extension 'ignore'
[0.275s] Level 1:colcon.colcon_core.package_identification:_identify(src/ugv_main/ugv_gazebo) by extension 'ignore_ament_install'
[0.275s] Level 1:colcon.colcon_core.package_identification:_identify(src/ugv_main/ugv_gazebo) by extensions ['colcon_pkg']
[0.275s] Level 1:colcon.colcon_core.package_identification:_identify(src/ugv_main/ugv_gazebo) by extension 'colcon_pkg'
[0.275s] Level 1:colcon.colcon_core.package_identification:_identify(src/ugv_main/ugv_gazebo) by extensions ['colcon_meta']
[0.275s] Level 1:colcon.colcon_core.package_identification:_identify(src/ugv_main/ugv_gazebo) by extension 'colcon_meta'
[0.275s] Level 1:colcon.colcon_core.package_identification:_identify(src/ugv_main/ugv_gazebo) by extensions ['ros']
[0.275s] Level 1:colcon.colcon_core.package_identification:_identify(src/ugv_main/ugv_gazebo) by extension 'ros'
[0.276s] DEBUG:colcon.colcon_core.package_identification:Package 'src/ugv_main/ugv_gazebo' with type 'ros.ament_cmake' and name 'ugv_gazebo'
[0.276s] Level 1:colcon.colcon_core.package_identification:_identify(src/ugv_main/ugv_interface) by extensions ['ignore', 'ignore_ament_install']
[0.276s] Level 1:colcon.colcon_core.package_identification:_identify(src/ugv_main/ugv_interface) by extension 'ignore'
[0.276s] Level 1:colcon.colcon_core.package_identification:_identify(src/ugv_main/ugv_interface) by extension 'ignore_ament_install'
[0.276s] Level 1:colcon.colcon_core.package_identification:_identify(src/ugv_main/ugv_interface) by extensions ['colcon_pkg']
[0.276s] Level 1:colcon.colcon_core.package_identification:_identify(src/ugv_main/ugv_interface) by extension 'colcon_pkg'
[0.276s] Level 1:colcon.colcon_core.package_identification:_identify(src/ugv_main/ugv_interface) by extensions ['colcon_meta']
[0.277s] Level 1:colcon.colcon_core.package_identification:_identify(src/ugv_main/ugv_interface) by extension 'colcon_meta'
[0.277s] Level 1:colcon.colcon_core.package_identification:_identify(src/ugv_main/ugv_interface) by extensions ['ros']
[0.277s] Level 1:colcon.colcon_core.package_identification:_identify(src/ugv_main/ugv_interface) by extension 'ros'
[0.278s] DEBUG:colcon.colcon_core.package_identification:Package 'src/ugv_main/ugv_interface' with type 'ros.ament_cmake' and name 'ugv_interface'
[0.278s] Level 1:colcon.colcon_core.package_identification:_identify(src/ugv_main/ugv_nav) by extensions ['ignore', 'ignore_ament_install']
[0.278s] Level 1:colcon.colcon_core.package_identification:_identify(src/ugv_main/ugv_nav) by extension 'ignore'
[0.278s] Level 1:colcon.colcon_core.package_identification:_identify(src/ugv_main/ugv_nav) by extension 'ignore_ament_install'
[0.278s] Level 1:colcon.colcon_core.package_identification:_identify(src/ugv_main/ugv_nav) by extensions ['colcon_pkg']
[0.278s] Level 1:colcon.colcon_core.package_identification:_identify(src/ugv_main/ugv_nav) by extension 'colcon_pkg'
[0.278s] Level 1:colcon.colcon_core.package_identification:_identify(src/ugv_main/ugv_nav) by extensions ['colcon_meta']
[0.278s] Level 1:colcon.colcon_core.package_identification:_identify(src/ugv_main/ugv_nav) by extension 'colcon_meta'
[0.278s] Level 1:colcon.colcon_core.package_identification:_identify(src/ugv_main/ugv_nav) by extensions ['ros']
[0.278s] Level 1:colcon.colcon_core.package_identification:_identify(src/ugv_main/ugv_nav) by extension 'ros'
[0.279s] DEBUG:colcon.colcon_core.package_identification:Package 'src/ugv_main/ugv_nav' with type 'ros.ament_cmake' and name 'ugv_nav'
[0.279s] Level 1:colcon.colcon_core.package_identification:_identify(src/ugv_main/ugv_slam) by extensions ['ignore', 'ignore_ament_install']
[0.279s] Level 1:colcon.colcon_core.package_identification:_identify(src/ugv_main/ugv_slam) by extension 'ignore'
[0.279s] Level 1:colcon.colcon_core.package_identification:_identify(src/ugv_main/ugv_slam) by extension 'ignore_ament_install'
[0.279s] Level 1:colcon.colcon_core.package_identification:_identify(src/ugv_main/ugv_slam) by extensions ['colcon_pkg']
[0.279s] Level 1:colcon.colcon_core.package_identification:_identify(src/ugv_main/ugv_slam) by extension 'colcon_pkg'
[0.279s] Level 1:colcon.colcon_core.package_identification:_identify(src/ugv_main/ugv_slam) by extensions ['colcon_meta']
[0.279s] Level 1:colcon.colcon_core.package_identification:_identify(src/ugv_main/ugv_slam) by extension 'colcon_meta'
[0.279s] Level 1:colcon.colcon_core.package_identification:_identify(src/ugv_main/ugv_slam) by extensions ['ros']
[0.279s] Level 1:colcon.colcon_core.package_identification:_identify(src/ugv_main/ugv_slam) by extension 'ros'
[0.280s] DEBUG:colcon.colcon_core.package_identification:Package 'src/ugv_main/ugv_slam' with type 'ros.ament_cmake' and name 'ugv_slam'
[0.280s] Level 1:colcon.colcon_core.package_identification:_identify(src/ugv_main/ugv_tools) by extensions ['ignore', 'ignore_ament_install']
[0.280s] Level 1:colcon.colcon_core.package_identification:_identify(src/ugv_main/ugv_tools) by extension 'ignore'
[0.280s] Level 1:colcon.colcon_core.package_identification:_identify(src/ugv_main/ugv_tools) by extension 'ignore_ament_install'
[0.281s] Level 1:colcon.colcon_core.package_identification:_identify(src/ugv_main/ugv_tools) by extensions ['colcon_pkg']
[0.281s] Level 1:colcon.colcon_core.package_identification:_identify(src/ugv_main/ugv_tools) by extension 'colcon_pkg'
[0.281s] Level 1:colcon.colcon_core.package_identification:_identify(src/ugv_main/ugv_tools) by extensions ['colcon_meta']
[0.281s] Level 1:colcon.colcon_core.package_identification:_identify(src/ugv_main/ugv_tools) by extension 'colcon_meta'
[0.281s] Level 1:colcon.colcon_core.package_identification:_identify(src/ugv_main/ugv_tools) by extensions ['ros']
[0.281s] Level 1:colcon.colcon_core.package_identification:_identify(src/ugv_main/ugv_tools) by extension 'ros'
[0.281s] DEBUG:colcon.colcon_core.package_identification:Package 'src/ugv_main/ugv_tools' with type 'ros.ament_python' and name 'ugv_tools'
[0.282s] Level 1:colcon.colcon_core.package_identification:_identify(src/ugv_main/ugv_vision) by extensions ['ignore', 'ignore_ament_install']
[0.282s] Level 1:colcon.colcon_core.package_identification:_identify(src/ugv_main/ugv_vision) by extension 'ignore'
[0.282s] Level 1:colcon.colcon_core.package_identification:_identify(src/ugv_main/ugv_vision) by extension 'ignore_ament_install'
[0.282s] Level 1:colcon.colcon_core.package_identification:_identify(src/ugv_main/ugv_vision) by extensions ['colcon_pkg']
[0.282s] Level 1:colcon.colcon_core.package_identification:_identify(src/ugv_main/ugv_vision) by extension 'colcon_pkg'
[0.282s] Level 1:colcon.colcon_core.package_identification:_identify(src/ugv_main/ugv_vision) by extensions ['colcon_meta']
[0.282s] Level 1:colcon.colcon_core.package_identification:_identify(src/ugv_main/ugv_vision) by extension 'colcon_meta'
[0.282s] Level 1:colcon.colcon_core.package_identification:_identify(src/ugv_main/ugv_vision) by extensions ['ros']
[0.282s] Level 1:colcon.colcon_core.package_identification:_identify(src/ugv_main/ugv_vision) by extension 'ros'
[0.283s] DEBUG:colcon.colcon_core.package_identification:Package 'src/ugv_main/ugv_vision' with type 'ros.ament_python' and name 'ugv_vision'
[0.283s] Level 1:colcon.colcon_core.package_identification:_identify(src/ugv_main/ugv_web_app) by extensions ['ignore', 'ignore_ament_install']
[0.283s] Level 1:colcon.colcon_core.package_identification:_identify(src/ugv_main/ugv_web_app) by extension 'ignore'
[0.283s] Level 1:colcon.colcon_core.package_identification:_identify(src/ugv_main/ugv_web_app) by extension 'ignore_ament_install'
[0.283s] Level 1:colcon.colcon_core.package_identification:_identify(src/ugv_main/ugv_web_app) by extensions ['colcon_pkg']
[0.283s] Level 1:colcon.colcon_core.package_identification:_identify(src/ugv_main/ugv_web_app) by extension 'colcon_pkg'
[0.283s] Level 1:colcon.colcon_core.package_identification:_identify(src/ugv_main/ugv_web_app) by extensions ['colcon_meta']
[0.283s] Level 1:colcon.colcon_core.package_identification:_identify(src/ugv_main/ugv_web_app) by extension 'colcon_meta'
[0.283s] Level 1:colcon.colcon_core.package_identification:_identify(src/ugv_main/ugv_web_app) by extensions ['ros']
[0.283s] Level 1:colcon.colcon_core.package_identification:_identify(src/ugv_main/ugv_web_app) by extension 'ros'
[0.284s] DEBUG:colcon.colcon_core.package_identification:Package 'src/ugv_main/ugv_web_app' with type 'ros.ament_python' and name 'ugv_web_app'
[0.284s] Level 1:colcon.colcon_core.package_discovery:discover_packages(recursive) using defaults
[0.284s] Level 1:colcon.colcon_core.package_discovery:discover_packages(ignore) discover
[0.284s] Level 1:colcon.colcon_core.package_discovery:discover_packages(ignore) using defaults
[0.284s] Level 1:colcon.colcon_core.package_discovery:discover_packages(path) discover
[0.284s] Level 1:colcon.colcon_core.package_discovery:discover_packages(path) using defaults
[0.315s] INFO:colcon.colcon_core.package_selection:Skipping not selected package 'apriltag' in 'src/ugv_else/apriltag_ros/apriltag'
[0.315s] INFO:colcon.colcon_core.package_selection:Skipping not selected package 'apriltag_msgs' in 'src/ugv_else/apriltag_ros/apriltag_msgs'
[0.315s] INFO:colcon.colcon_core.package_selection:Skipping not selected package 'costmap_converter_msgs' in 'src/ugv_else/costmap_converter/costmap_converter_msgs'
[0.315s] INFO:colcon.colcon_core.package_selection:Skipping not selected package 'emcl2' in 'src/ugv_else/emcl2_ros2'
[0.315s] INFO:colcon.colcon_core.package_selection:Skipping not selected package 'explore_lite' in 'src/ugv_else/explore_lite'
[0.315s] INFO:colcon.colcon_core.package_selection:Skipping not selected package 'ldlidar' in 'src/ugv_else/ldlidar'
[0.315s] INFO:colcon.colcon_core.package_selection:Skipping not selected package 'rf2o_laser_odometry' in 'src/ugv_else/rf2o_laser_odometry'
[0.315s] INFO:colcon.colcon_core.package_selection:Skipping not selected package 'robot_pose_publisher' in 'src/ugv_else/robot_pose_publisher'
[0.315s] INFO:colcon.colcon_core.package_selection:Skipping not selected package 'ugv_base_node' in 'src/ugv_main/ugv_base_node'
[0.315s] INFO:colcon.colcon_core.package_selection:Skipping not selected package 'ugv_bringup' in 'src/ugv_main/ugv_bringup'
[0.315s] INFO:colcon.colcon_core.package_selection:Skipping not selected package 'ugv_gazebo' in 'src/ugv_main/ugv_gazebo'
[0.315s] INFO:colcon.colcon_core.package_selection:Skipping not selected package 'ugv_interface' in 'src/ugv_main/ugv_interface'
[0.315s] INFO:colcon.colcon_core.package_selection:Skipping not selected package 'vizanti_cpp' in 'src/ugv_else/vizanti/vizanti_cpp'
[0.315s] INFO:colcon.colcon_core.package_selection:Skipping not selected package 'vizanti_msgs' in 'src/ugv_else/vizanti/vizanti_msgs'
[0.315s] INFO:colcon.colcon_core.package_selection:Skipping not selected package 'apriltag_ros' in 'src/ugv_else/apriltag_ros/apriltag_ros'
[0.315s] INFO:colcon.colcon_core.package_selection:Skipping not selected package 'costmap_converter' in 'src/ugv_else/costmap_converter/costmap_converter'
[0.315s] INFO:colcon.colcon_core.package_selection:Skipping not selected package 'teb_msgs' in 'src/ugv_else/teb_local_planner/teb_msgs'
[0.315s] INFO:colcon.colcon_core.package_selection:Skipping not selected package 'vizanti_demos' in 'src/ugv_else/vizanti/vizanti_demos'
[0.315s] INFO:colcon.colcon_core.package_selection:Skipping not selected package 'vizanti_server' in 'src/ugv_else/vizanti/vizanti_server'
[0.315s] INFO:colcon.colcon_core.package_selection:Skipping not selected package 'teb_local_planner' in 'src/ugv_else/teb_local_planner/teb_local_planner'
[0.315s] INFO:colcon.colcon_core.package_selection:Skipping not selected package 'vizanti' in 'src/ugv_else/vizanti/vizanti'
[0.316s] Level 1:colcon.colcon_core.package_discovery:discover_packages(prefix_path) check parameters
[0.316s] Level 1:colcon.colcon_core.package_discovery:discover_packages(prefix_path) discover
[0.320s] DEBUG:colcon.colcon_installed_package_information.package_discovery:Found 383 installed packages in /opt/ros/jazzy
[0.321s] Level 1:colcon.colcon_core.package_discovery:discover_packages(prefix_path) using defaults
[0.396s] Level 5:colcon.colcon_core.verb:set package 'ugv_chat_ai' build argument 'cmake_args' from command line to 'None'
[0.396s] Level 5:colcon.colcon_core.verb:set package 'ugv_chat_ai' build argument 'cmake_target' from command line to 'None'
[0.396s] Level 5:colcon.colcon_core.verb:set package 'ugv_chat_ai' build argument 'cmake_target_skip_unavailable' from command line to 'False'
[0.396s] Level 5:colcon.colcon_core.verb:set package 'ugv_chat_ai' build argument 'cmake_clean_cache' from command line to 'False'
[0.396s] Level 5:colcon.colcon_core.verb:set package 'ugv_chat_ai' build argument 'cmake_clean_first' from command line to 'False'
[0.396s] Level 5:colcon.colcon_core.verb:set package 'ugv_chat_ai' build argument 'cmake_force_configure' from command line to 'False'
[0.396s] Level 5:colcon.colcon_core.verb:set package 'ugv_chat_ai' build argument 'ament_cmake_args' from command line to 'None'
[0.396s] Level 5:colcon.colcon_core.verb:set package 'ugv_chat_ai' build argument 'catkin_cmake_args' from command line to 'None'
[0.396s] Level 5:colcon.colcon_core.verb:set package 'ugv_chat_ai' build argument 'catkin_skip_building_tests' from command line to 'False'
[0.396s] DEBUG:colcon.colcon_core.verb:Building package 'ugv_chat_ai' with the following arguments: {'ament_cmake_args': None, 'build_base': '/home/nameless/ugv_ws_jazzy_port/build/ugv_chat_ai', 'catkin_cmake_args': None, 'catkin_skip_building_tests': False, 'cmake_args': None, 'cmake_clean_cache': False, 'cmake_clean_first': False, 'cmake_force_configure': False, 'cmake_target': None, 'cmake_target_skip_unavailable': False, 'install_base': '/home/nameless/ugv_ws_jazzy_port/install/ugv_chat_ai', 'merge_install': False, 'path': '/home/nameless/ugv_ws_jazzy_port/src/ugv_main/ugv_chat_ai', 'symlink_install': True, 'test_result_base': None}
[0.396s] Level 5:colcon.colcon_core.verb:set package 'ugv_description' build argument 'cmake_args' from command line to 'None'
[0.396s] Level 5:colcon.colcon_core.verb:set package 'ugv_description' build argument 'cmake_target' from command line to 'None'
[0.396s] Level 5:colcon.colcon_core.verb:set package 'ugv_description' build argument 'cmake_target_skip_unavailable' from command line to 'False'
[0.396s] Level 5:colcon.colcon_core.verb:set package 'ugv_description' build argument 'cmake_clean_cache' from command line to 'False'
[0.396s] Level 5:colcon.colcon_core.verb:set package 'ugv_description' build argument 'cmake_clean_first' from command line to 'False'
[0.397s] Level 5:colcon.colcon_core.verb:set package 'ugv_description' build argument 'cmake_force_configure' from command line to 'False'
[0.397s] Level 5:colcon.colcon_core.verb:set package 'ugv_description' build argument 'ament_cmake_args' from command line to 'None'
[0.397s] Level 5:colcon.colcon_core.verb:set package 'ugv_description' build argument 'catkin_cmake_args' from command line to 'None'
[0.397s] Level 5:colcon.colcon_core.verb:set package 'ugv_description' build argument 'catkin_skip_building_tests' from command line to 'False'
[0.397s] DEBUG:colcon.colcon_core.verb:Building package 'ugv_description' with the following arguments: {'ament_cmake_args': None, 'build_base': '/home/nameless/ugv_ws_jazzy_port/build/ugv_description', 'catkin_cmake_args': None, 'catkin_skip_building_tests': False, 'cmake_args': None, 'cmake_clean_cache': False, 'cmake_clean_first': False, 'cmake_force_configure': False, 'cmake_target': None, 'cmake_target_skip_unavailable': False, 'install_base': '/home/nameless/ugv_ws_jazzy_port/install/ugv_description', 'merge_install': False, 'path': '/home/nameless/ugv_ws_jazzy_port/src/ugv_main/ugv_description', 'symlink_install': True, 'test_result_base': None}
[0.397s] Level 5:colcon.colcon_core.verb:set package 'ugv_nav' build argument 'cmake_args' from command line to 'None'
[0.397s] Level 5:colcon.colcon_core.verb:set package 'ugv_nav' build argument 'cmake_target' from command line to 'None'
[0.397s] Level 5:colcon.colcon_core.verb:set package 'ugv_nav' build argument 'cmake_target_skip_unavailable' from command line to 'False'
[0.397s] Level 5:colcon.colcon_core.verb:set package 'ugv_nav' build argument 'cmake_clean_cache' from command line to 'False'
[0.397s] Level 5:colcon.colcon_core.verb:set package 'ugv_nav' build argument 'cmake_clean_first' from command line to 'False'
[0.397s] Level 5:colcon.colcon_core.verb:set package 'ugv_nav' build argument 'cmake_force_configure' from command line to 'False'
[0.397s] Level 5:colcon.colcon_core.verb:set package 'ugv_nav' build argument 'ament_cmake_args' from command line to 'None'
[0.397s] Level 5:colcon.colcon_core.verb:set package 'ugv_nav' build argument 'catkin_cmake_args' from command line to 'None'
[0.397s] Level 5:colcon.colcon_core.verb:set package 'ugv_nav' build argument 'catkin_skip_building_tests' from command line to 'False'
[0.397s] DEBUG:colcon.colcon_core.verb:Building package 'ugv_nav' with the following arguments: {'ament_cmake_args': None, 'build_base': '/home/nameless/ugv_ws_jazzy_port/build/ugv_nav', 'catkin_cmake_args': None, 'catkin_skip_building_tests': False, 'cmake_args': None, 'cmake_clean_cache': False, 'cmake_clean_first': False, 'cmake_force_configure': False, 'cmake_target': None, 'cmake_target_skip_unavailable': False, 'install_base': '/home/nameless/ugv_ws_jazzy_port/install/ugv_nav', 'merge_install': False, 'path': '/home/nameless/ugv_ws_jazzy_port/src/ugv_main/ugv_nav', 'symlink_install': True, 'test_result_base': None}
[0.398s] Level 5:colcon.colcon_core.verb:set package 'ugv_slam' build argument 'cmake_args' from command line to 'None'
[0.398s] Level 5:colcon.colcon_core.verb:set package 'ugv_slam' build argument 'cmake_target' from command line to 'None'
[0.398s] Level 5:colcon.colcon_core.verb:set package 'ugv_slam' build argument 'cmake_target_skip_unavailable' from command line to 'False'
[0.398s] Level 5:colcon.colcon_core.verb:set package 'ugv_slam' build argument 'cmake_clean_cache' from command line to 'False'
[0.398s] Level 5:colcon.colcon_core.verb:set package 'ugv_slam' build argument 'cmake_clean_first' from command line to 'False'
[0.398s] Level 5:colcon.colcon_core.verb:set package 'ugv_slam' build argument 'cmake_force_configure' from command line to 'False'
[0.398s] Level 5:colcon.colcon_core.verb:set package 'ugv_slam' build argument 'ament_cmake_args' from command line to 'None'
[0.398s] Level 5:colcon.colcon_core.verb:set package 'ugv_slam' build argument 'catkin_cmake_args' from command line to 'None'
[0.398s] Level 5:colcon.colcon_core.verb:set package 'ugv_slam' build argument 'catkin_skip_building_tests' from command line to 'False'
[0.398s] DEBUG:colcon.colcon_core.verb:Building package 'ugv_slam' with the following arguments: {'ament_cmake_args': None, 'build_base': '/home/nameless/ugv_ws_jazzy_port/build/ugv_slam', 'catkin_cmake_args': None, 'catkin_skip_building_tests': False, 'cmake_args': None, 'cmake_clean_cache': False, 'cmake_clean_first': False, 'cmake_force_configure': False, 'cmake_target': None, 'cmake_target_skip_unavailable': False, 'install_base': '/home/nameless/ugv_ws_jazzy_port/install/ugv_slam', 'merge_install': False, 'path': '/home/nameless/ugv_ws_jazzy_port/src/ugv_main/ugv_slam', 'symlink_install': True, 'test_result_base': None}
[0.398s] Level 5:colcon.colcon_core.verb:set package 'ugv_tools' build argument 'cmake_args' from command line to 'None'
[0.398s] Level 5:colcon.colcon_core.verb:set package 'ugv_tools' build argument 'cmake_target' from command line to 'None'
[0.398s] Level 5:colcon.colcon_core.verb:set package 'ugv_tools' build argument 'cmake_target_skip_unavailable' from command line to 'False'
[0.398s] Level 5:colcon.colcon_core.verb:set package 'ugv_tools' build argument 'cmake_clean_cache' from command line to 'False'
[0.398s] Level 5:colcon.colcon_core.verb:set package 'ugv_tools' build argument 'cmake_clean_first' from command line to 'False'
[0.398s] Level 5:colcon.colcon_core.verb:set package 'ugv_tools' build argument 'cmake_force_configure' from command line to 'False'
[0.398s] Level 5:colcon.colcon_core.verb:set package 'ugv_tools' build argument 'ament_cmake_args' from command line to 'None'
[0.398s] Level 5:colcon.colcon_core.verb:set package 'ugv_tools' build argument 'catkin_cmake_args' from command line to 'None'
[0.398s] Level 5:colcon.colcon_core.verb:set package 'ugv_tools' build argument 'catkin_skip_building_tests' from command line to 'False'
[0.398s] DEBUG:colcon.colcon_core.verb:Building package 'ugv_tools' with the following arguments: {'ament_cmake_args': None, 'build_base': '/home/nameless/ugv_ws_jazzy_port/build/ugv_tools', 'catkin_cmake_args': None, 'catkin_skip_building_tests': False, 'cmake_args': None, 'cmake_clean_cache': False, 'cmake_clean_first': False, 'cmake_force_configure': False, 'cmake_target': None, 'cmake_target_skip_unavailable': False, 'install_base': '/home/nameless/ugv_ws_jazzy_port/install/ugv_tools', 'merge_install': False, 'path': '/home/nameless/ugv_ws_jazzy_port/src/ugv_main/ugv_tools', 'symlink_install': True, 'test_result_base': None}
[0.399s] Level 5:colcon.colcon_core.verb:set package 'ugv_vision' build argument 'cmake_args' from command line to 'None'
[0.399s] Level 5:colcon.colcon_core.verb:set package 'ugv_vision' build argument 'cmake_target' from command line to 'None'
[0.399s] Level 5:colcon.colcon_core.verb:set package 'ugv_vision' build argument 'cmake_target_skip_unavailable' from command line to 'False'
[0.399s] Level 5:colcon.colcon_core.verb:set package 'ugv_vision' build argument 'cmake_clean_cache' from command line to 'False'
[0.399s] Level 5:colcon.colcon_core.verb:set package 'ugv_vision' build argument 'cmake_clean_first' from command line to 'False'
[0.399s] Level 5:colcon.colcon_core.verb:set package 'ugv_vision' build argument 'cmake_force_configure' from command line to 'False'
[0.399s] Level 5:colcon.colcon_core.verb:set package 'ugv_vision' build argument 'ament_cmake_args' from command line to 'None'
[0.399s] Level 5:colcon.colcon_core.verb:set package 'ugv_vision' build argument 'catkin_cmake_args' from command line to 'None'
[0.399s] Level 5:colcon.colcon_core.verb:set package 'ugv_vision' build argument 'catkin_skip_building_tests' from command line to 'False'
[0.399s] DEBUG:colcon.colcon_core.verb:Building package 'ugv_vision' with the following arguments: {'ament_cmake_args': None, 'build_base': '/home/nameless/ugv_ws_jazzy_port/build/ugv_vision', 'catkin_cmake_args': None, 'catkin_skip_building_tests': False, 'cmake_args': None, 'cmake_clean_cache': False, 'cmake_clean_first': False, 'cmake_force_configure': False, 'cmake_target': None, 'cmake_target_skip_unavailable': False, 'install_base': '/home/nameless/ugv_ws_jazzy_port/install/ugv_vision', 'merge_install': False, 'path': '/home/nameless/ugv_ws_jazzy_port/src/ugv_main/ugv_vision', 'symlink_install': True, 'test_result_base': None}
[0.399s] Level 5:colcon.colcon_core.verb:set package 'ugv_web_app' build argument 'cmake_args' from command line to 'None'
[0.399s] Level 5:colcon.colcon_core.verb:set package 'ugv_web_app' build argument 'cmake_target' from command line to 'None'
[0.399s] Level 5:colcon.colcon_core.verb:set package 'ugv_web_app' build argument 'cmake_target_skip_unavailable' from command line to 'False'
[0.399s] Level 5:colcon.colcon_core.verb:set package 'ugv_web_app' build argument 'cmake_clean_cache' from command line to 'False'
[0.399s] Level 5:colcon.colcon_core.verb:set package 'ugv_web_app' build argument 'cmake_clean_first' from command line to 'False'
[0.399s] Level 5:colcon.colcon_core.verb:set package 'ugv_web_app' build argument 'cmake_force_configure' from command line to 'False'
[0.399s] Level 5:colcon.colcon_core.verb:set package 'ugv_web_app' build argument 'ament_cmake_args' from command line to 'None'
[0.399s] Level 5:colcon.colcon_core.verb:set package 'ugv_web_app' build argument 'catkin_cmake_args' from command line to 'None'
[0.399s] Level 5:colcon.colcon_core.verb:set package 'ugv_web_app' build argument 'catkin_skip_building_tests' from command line to 'False'
[0.399s] DEBUG:colcon.colcon_core.verb:Building package 'ugv_web_app' with the following arguments: {'ament_cmake_args': None, 'build_base': '/home/nameless/ugv_ws_jazzy_port/build/ugv_web_app', 'catkin_cmake_args': None, 'catkin_skip_building_tests': False, 'cmake_args': None, 'cmake_clean_cache': False, 'cmake_clean_first': False, 'cmake_force_configure': False, 'cmake_target': None, 'cmake_target_skip_unavailable': False, 'install_base': '/home/nameless/ugv_ws_jazzy_port/install/ugv_web_app', 'merge_install': False, 'path': '/home/nameless/ugv_ws_jazzy_port/src/ugv_main/ugv_web_app', 'symlink_install': True, 'test_result_base': None}
[0.399s] INFO:colcon.colcon_core.executor:Executing jobs using 'parallel' executor
[0.401s] DEBUG:colcon.colcon_parallel_executor.executor.parallel:run_until_complete
[0.401s] INFO:colcon.colcon_ros.task.ament_python.build:Building ROS package in '/home/nameless/ugv_ws_jazzy_port/src/ugv_main/ugv_chat_ai' with build type 'ament_python'
[0.401s] Level 1:colcon.colcon_core.shell:create_environment_hook('ugv_chat_ai', 'ament_prefix_path')
[0.404s] INFO:colcon.colcon_core.plugin_system:Skipping extension 'colcon_core.shell.bat': Not used on non-Windows systems
[0.405s] INFO:colcon.colcon_core.shell:Creating environment hook '/home/nameless/ugv_ws_jazzy_port/install/ugv_chat_ai/share/ugv_chat_ai/hook/ament_prefix_path.ps1'
[0.406s] INFO:colcon.colcon_core.shell:Creating environment descriptor '/home/nameless/ugv_ws_jazzy_port/install/ugv_chat_ai/share/ugv_chat_ai/hook/ament_prefix_path.dsv'
[0.407s] INFO:colcon.colcon_core.shell:Creating environment hook '/home/nameless/ugv_ws_jazzy_port/install/ugv_chat_ai/share/ugv_chat_ai/hook/ament_prefix_path.sh'
[0.408s] INFO:colcon.colcon_core.shell:Skip shell extension 'powershell' for command environment: Not usable outside of PowerShell
[0.408s] DEBUG:colcon.colcon_core.shell:Skip shell extension 'dsv' for command environment
[0.412s] INFO:colcon.colcon_ros.task.ament_cmake.build:Building ROS package in '/home/nameless/ugv_ws_jazzy_port/src/ugv_main/ugv_description' with build type 'ament_cmake'
[0.413s] INFO:colcon.colcon_cmake.task.cmake.build:Building CMake package in '/home/nameless/ugv_ws_jazzy_port/src/ugv_main/ugv_description'
[0.413s] INFO:colcon.colcon_core.shell:Skip shell extension 'powershell' for command environment: Not usable outside of PowerShell
[0.413s] DEBUG:colcon.colcon_core.shell:Skip shell extension 'dsv' for command environment
[0.418s] INFO:colcon.colcon_ros.task.ament_cmake.build:Building ROS package in '/home/nameless/ugv_ws_jazzy_port/src/ugv_main/ugv_nav' with build type 'ament_cmake'
[0.419s] INFO:colcon.colcon_cmake.task.cmake.build:Building CMake package in '/home/nameless/ugv_ws_jazzy_port/src/ugv_main/ugv_nav'
[0.419s] INFO:colcon.colcon_core.shell:Skip shell extension 'powershell' for command environment: Not usable outside of PowerShell
[0.419s] DEBUG:colcon.colcon_core.shell:Skip shell extension 'dsv' for command environment
[0.424s] INFO:colcon.colcon_ros.task.ament_cmake.build:Building ROS package in '/home/nameless/ugv_ws_jazzy_port/src/ugv_main/ugv_slam' with build type 'ament_cmake'
[0.425s] INFO:colcon.colcon_cmake.task.cmake.build:Building CMake package in '/home/nameless/ugv_ws_jazzy_port/src/ugv_main/ugv_slam'
[0.425s] INFO:colcon.colcon_core.shell:Skip shell extension 'powershell' for command environment: Not usable outside of PowerShell
[0.425s] DEBUG:colcon.colcon_core.shell:Skip shell extension 'dsv' for command environment
[0.744s] INFO:colcon.colcon_core.task.python.build:Building Python package in '/home/nameless/ugv_ws_jazzy_port/src/ugv_main/ugv_chat_ai'
[0.745s] INFO:colcon.colcon_core.shell:Skip shell extension 'powershell' for command environment: Not usable outside of PowerShell
[0.745s] DEBUG:colcon.colcon_core.shell:Skip shell extension 'dsv' for command environment
[0.754s] DEBUG:colcon.colcon_core.event_handler.log_command:Invoking command in '/home/nameless/ugv_ws_jazzy_port/build/ugv_description': CMAKE_PREFIX_PATH=${CMAKE_PREFIX_PATH}:/opt/ros/jazzy /usr/bin/cmake --build /home/nameless/ugv_ws_jazzy_port/build/ugv_description -- -j4 -l4
[0.759s] DEBUG:colcon.colcon_core.event_handler.log_command:Invoking command in '/home/nameless/ugv_ws_jazzy_port/build/ugv_nav': CMAKE_PREFIX_PATH=${CMAKE_PREFIX_PATH}:/opt/ros/jazzy /usr/bin/cmake /home/nameless/ugv_ws_jazzy_port/src/ugv_main/ugv_nav -DAMENT_CMAKE_SYMLINK_INSTALL=1 -DCMAKE_INSTALL_PREFIX=/home/nameless/ugv_ws_jazzy_port/install/ugv_nav
[0.805s] DEBUG:colcon.colcon_core.event_handler.log_command:Invoking command in '/home/nameless/ugv_ws_jazzy_port/build/ugv_slam': CMAKE_PREFIX_PATH=${CMAKE_PREFIX_PATH}:/opt/ros/jazzy /usr/bin/cmake --build /home/nameless/ugv_ws_jazzy_port/build/ugv_slam -- -j4 -l4
[0.849s] DEBUG:colcon.colcon_core.event_handler.log_command:Invoked command in '/home/nameless/ugv_ws_jazzy_port/build/ugv_description' returned '0': CMAKE_PREFIX_PATH=${CMAKE_PREFIX_PATH}:/opt/ros/jazzy /usr/bin/cmake --build /home/nameless/ugv_ws_jazzy_port/build/ugv_description -- -j4 -l4
[0.878s] DEBUG:colcon.colcon_core.event_handler.log_command:Invoking command in '/home/nameless/ugv_ws_jazzy_port/build/ugv_description': CMAKE_PREFIX_PATH=${CMAKE_PREFIX_PATH}:/opt/ros/jazzy /usr/bin/cmake --install /home/nameless/ugv_ws_jazzy_port/build/ugv_description
[0.909s] DEBUG:colcon.colcon_core.event_handler.log_command:Invoked command in '/home/nameless/ugv_ws_jazzy_port/build/ugv_slam' returned '0': CMAKE_PREFIX_PATH=${CMAKE_PREFIX_PATH}:/opt/ros/jazzy /usr/bin/cmake --build /home/nameless/ugv_ws_jazzy_port/build/ugv_slam -- -j4 -l4
[0.912s] DEBUG:colcon.colcon_core.event_handler.log_command:Invoking command in '/home/nameless/ugv_ws_jazzy_port/build/ugv_slam': CMAKE_PREFIX_PATH=${CMAKE_PREFIX_PATH}:/opt/ros/jazzy /usr/bin/cmake --install /home/nameless/ugv_ws_jazzy_port/build/ugv_slam
[1.407s] Level 1:colcon.colcon_core.environment:create_environment_scripts_only(ugv_slam)
[1.412s] DEBUG:colcon.colcon_core.event_handler.log_command:Invoked command in '/home/nameless/ugv_ws_jazzy_port/build/ugv_slam' returned '0': CMAKE_PREFIX_PATH=${CMAKE_PREFIX_PATH}:/opt/ros/jazzy /usr/bin/cmake --install /home/nameless/ugv_ws_jazzy_port/build/ugv_slam
[1.415s] Level 1:colcon.colcon_core.environment:checking '/home/nameless/ugv_ws_jazzy_port/install/ugv_slam' for CMake module files
[1.416s] Level 1:colcon.colcon_core.environment:checking '/home/nameless/ugv_ws_jazzy_port/install/ugv_slam' for CMake config files
[1.416s] Level 1:colcon.colcon_core.shell:create_environment_hook('ugv_slam', 'cmake_prefix_path')
[1.417s] INFO:colcon.colcon_core.shell:Creating environment hook '/home/nameless/ugv_ws_jazzy_port/install/ugv_slam/share/ugv_slam/hook/cmake_prefix_path.ps1'
[1.419s] INFO:colcon.colcon_core.shell:Creating environment descriptor '/home/nameless/ugv_ws_jazzy_port/install/ugv_slam/share/ugv_slam/hook/cmake_prefix_path.dsv'
[1.420s] INFO:colcon.colcon_core.shell:Creating environment hook '/home/nameless/ugv_ws_jazzy_port/install/ugv_slam/share/ugv_slam/hook/cmake_prefix_path.sh'
[1.422s] Level 1:colcon.colcon_core.environment:checking '/home/nameless/ugv_ws_jazzy_port/install/ugv_slam/bin'
[1.422s] Level 1:colcon.colcon_core.environment:checking '/home/nameless/ugv_ws_jazzy_port/install/ugv_slam/lib/pkgconfig/ugv_slam.pc'
[1.423s] Level 1:colcon.colcon_core.environment:checking '/home/nameless/ugv_ws_jazzy_port/install/ugv_slam/lib/python3.12/site-packages'
[1.424s] Level 1:colcon.colcon_core.environment:checking '/home/nameless/ugv_ws_jazzy_port/install/ugv_slam/bin'
[1.424s] INFO:colcon.colcon_core.shell:Creating package script '/home/nameless/ugv_ws_jazzy_port/install/ugv_slam/share/ugv_slam/package.ps1'
[1.426s] INFO:colcon.colcon_core.shell:Creating package descriptor '/home/nameless/ugv_ws_jazzy_port/install/ugv_slam/share/ugv_slam/package.dsv'
[1.428s] INFO:colcon.colcon_core.shell:Creating package script '/home/nameless/ugv_ws_jazzy_port/install/ugv_slam/share/ugv_slam/package.sh'
[1.430s] INFO:colcon.colcon_core.shell:Creating package script '/home/nameless/ugv_ws_jazzy_port/install/ugv_slam/share/ugv_slam/package.bash'
[1.432s] INFO:colcon.colcon_core.shell:Creating package script '/home/nameless/ugv_ws_jazzy_port/install/ugv_slam/share/ugv_slam/package.zsh'
[1.434s] Level 1:colcon.colcon_core.environment:create_file_with_runtime_dependencies(/home/nameless/ugv_ws_jazzy_port/install/ugv_slam/share/colcon-core/packages/ugv_slam)
[1.436s] Level 1:colcon.colcon_core.environment:create_environment_scripts_only(ugv_slam)
[1.437s] Level 1:colcon.colcon_core.environment:checking '/home/nameless/ugv_ws_jazzy_port/install/ugv_slam' for CMake module files
[1.438s] Level 1:colcon.colcon_core.environment:checking '/home/nameless/ugv_ws_jazzy_port/install/ugv_slam' for CMake config files
[1.439s] Level 1:colcon.colcon_core.shell:create_environment_hook('ugv_slam', 'cmake_prefix_path')
[1.439s] INFO:colcon.colcon_core.shell:Creating environment hook '/home/nameless/ugv_ws_jazzy_port/install/ugv_slam/share/ugv_slam/hook/cmake_prefix_path.ps1'
[1.441s] INFO:colcon.colcon_core.shell:Creating environment descriptor '/home/nameless/ugv_ws_jazzy_port/install/ugv_slam/share/ugv_slam/hook/cmake_prefix_path.dsv'
[1.442s] INFO:colcon.colcon_core.shell:Creating environment hook '/home/nameless/ugv_ws_jazzy_port/install/ugv_slam/share/ugv_slam/hook/cmake_prefix_path.sh'
[1.444s] Level 1:colcon.colcon_core.environment:checking '/home/nameless/ugv_ws_jazzy_port/install/ugv_slam/bin'
[1.444s] Level 1:colcon.colcon_core.environment:checking '/home/nameless/ugv_ws_jazzy_port/install/ugv_slam/lib/pkgconfig/ugv_slam.pc'
[1.445s] Level 1:colcon.colcon_core.environment:checking '/home/nameless/ugv_ws_jazzy_port/install/ugv_slam/lib/python3.12/site-packages'
[1.446s] Level 1:colcon.colcon_core.environment:checking '/home/nameless/ugv_ws_jazzy_port/install/ugv_slam/bin'
[1.446s] INFO:colcon.colcon_core.shell:Creating package script '/home/nameless/ugv_ws_jazzy_port/install/ugv_slam/share/ugv_slam/package.ps1'
[1.448s] INFO:colcon.colcon_core.shell:Creating package descriptor '/home/nameless/ugv_ws_jazzy_port/install/ugv_slam/share/ugv_slam/package.dsv'
[1.451s] INFO:colcon.colcon_core.shell:Creating package script '/home/nameless/ugv_ws_jazzy_port/install/ugv_slam/share/ugv_slam/package.sh'
[1.453s] INFO:colcon.colcon_core.shell:Creating package script '/home/nameless/ugv_ws_jazzy_port/install/ugv_slam/share/ugv_slam/package.bash'
[1.455s] INFO:colcon.colcon_core.shell:Creating package script '/home/nameless/ugv_ws_jazzy_port/install/ugv_slam/share/ugv_slam/package.zsh'
[1.457s] Level 1:colcon.colcon_core.environment:create_file_with_runtime_dependencies(/home/nameless/ugv_ws_jazzy_port/install/ugv_slam/share/colcon-core/packages/ugv_slam)
[1.460s] INFO:colcon.colcon_ros.task.ament_python.build:Building ROS package in '/home/nameless/ugv_ws_jazzy_port/src/ugv_main/ugv_tools' with build type 'ament_python'
[1.460s] Level 1:colcon.colcon_core.shell:create_environment_hook('ugv_tools', 'ament_prefix_path')
[1.461s] INFO:colcon.colcon_core.shell:Creating environment hook '/home/nameless/ugv_ws_jazzy_port/install/ugv_tools/share/ugv_tools/hook/ament_prefix_path.ps1'
[1.464s] INFO:colcon.colcon_core.shell:Creating environment descriptor '/home/nameless/ugv_ws_jazzy_port/install/ugv_tools/share/ugv_tools/hook/ament_prefix_path.dsv'
[1.466s] INFO:colcon.colcon_core.shell:Creating environment hook '/home/nameless/ugv_ws_jazzy_port/install/ugv_tools/share/ugv_tools/hook/ament_prefix_path.sh'
[1.467s] INFO:colcon.colcon_core.shell:Skip shell extension 'powershell' for command environment: Not usable outside of PowerShell
[1.467s] DEBUG:colcon.colcon_core.shell:Skip shell extension 'dsv' for command environment
[1.919s] INFO:colcon.colcon_core.task.python.build:Building Python package in '/home/nameless/ugv_ws_jazzy_port/src/ugv_main/ugv_tools'
[1.920s] INFO:colcon.colcon_core.shell:Skip shell extension 'powershell' for command environment: Not usable outside of PowerShell
[1.920s] DEBUG:colcon.colcon_core.shell:Skip shell extension 'dsv' for command environment
[1.928s] DEBUG:colcon.colcon_core.event_handler.log_command:Invoked command in '/home/nameless/ugv_ws_jazzy_port/build/ugv_nav' returned '0': CMAKE_PREFIX_PATH=${CMAKE_PREFIX_PATH}:/opt/ros/jazzy /usr/bin/cmake /home/nameless/ugv_ws_jazzy_port/src/ugv_main/ugv_nav -DAMENT_CMAKE_SYMLINK_INSTALL=1 -DCMAKE_INSTALL_PREFIX=/home/nameless/ugv_ws_jazzy_port/install/ugv_nav
[1.933s] DEBUG:colcon.colcon_core.event_handler.log_command:Invoking command in '/home/nameless/ugv_ws_jazzy_port/build/ugv_nav': CMAKE_PREFIX_PATH=${CMAKE_PREFIX_PATH}:/opt/ros/jazzy /usr/bin/cmake --build /home/nameless/ugv_ws_jazzy_port/build/ugv_nav -- -j4 -l4
[2.047s] DEBUG:colcon.colcon_core.event_handler.log_command:Invoked command in '/home/nameless/ugv_ws_jazzy_port/build/ugv_nav' returned '0': CMAKE_PREFIX_PATH=${CMAKE_PREFIX_PATH}:/opt/ros/jazzy /usr/bin/cmake --build /home/nameless/ugv_ws_jazzy_port/build/ugv_nav -- -j4 -l4
[2.050s] DEBUG:colcon.colcon_core.event_handler.log_command:Invoking command in '/home/nameless/ugv_ws_jazzy_port/build/ugv_nav': CMAKE_PREFIX_PATH=${CMAKE_PREFIX_PATH}:/opt/ros/jazzy /usr/bin/cmake --install /home/nameless/ugv_ws_jazzy_port/build/ugv_nav
[2.052s] Level 1:colcon.colcon_core.environment:create_environment_scripts_only(ugv_description)
[2.053s] Level 1:colcon.colcon_core.environment:checking '/home/nameless/ugv_ws_jazzy_port/install/ugv_description' for CMake module files
[2.055s] DEBUG:colcon.colcon_core.event_handler.log_command:Invoked command in '/home/nameless/ugv_ws_jazzy_port/build/ugv_description' returned '0': CMAKE_PREFIX_PATH=${CMAKE_PREFIX_PATH}:/opt/ros/jazzy /usr/bin/cmake --install /home/nameless/ugv_ws_jazzy_port/build/ugv_description
[2.056s] Level 1:colcon.colcon_core.environment:checking '/home/nameless/ugv_ws_jazzy_port/install/ugv_description' for CMake config files
[2.058s] Level 1:colcon.colcon_core.shell:create_environment_hook('ugv_description', 'cmake_prefix_path')
[2.059s] INFO:colcon.colcon_core.shell:Creating environment hook '/home/nameless/ugv_ws_jazzy_port/install/ugv_description/share/ugv_description/hook/cmake_prefix_path.ps1'
[2.061s] INFO:colcon.colcon_core.shell:Creating environment descriptor '/home/nameless/ugv_ws_jazzy_port/install/ugv_description/share/ugv_description/hook/cmake_prefix_path.dsv'
[2.063s] INFO:colcon.colcon_core.shell:Creating environment hook '/home/nameless/ugv_ws_jazzy_port/install/ugv_description/share/ugv_description/hook/cmake_prefix_path.sh'
[2.065s] Level 1:colcon.colcon_core.environment:checking '/home/nameless/ugv_ws_jazzy_port/install/ugv_description/bin'
[2.065s] Level 1:colcon.colcon_core.environment:checking '/home/nameless/ugv_ws_jazzy_port/install/ugv_description/lib/pkgconfig/ugv_description.pc'
[2.066s] Level 1:colcon.colcon_core.environment:checking '/home/nameless/ugv_ws_jazzy_port/install/ugv_description/lib/python3.12/site-packages'
[2.067s] Level 1:colcon.colcon_core.environment:checking '/home/nameless/ugv_ws_jazzy_port/install/ugv_description/bin'
[2.068s] INFO:colcon.colcon_core.shell:Creating package script '/home/nameless/ugv_ws_jazzy_port/install/ugv_description/share/ugv_description/package.ps1'
[2.073s] INFO:colcon.colcon_core.shell:Creating package descriptor '/home/nameless/ugv_ws_jazzy_port/install/ugv_description/share/ugv_description/package.dsv'
[2.075s] INFO:colcon.colcon_core.shell:Creating package script '/home/nameless/ugv_ws_jazzy_port/install/ugv_description/share/ugv_description/package.sh'
[2.077s] INFO:colcon.colcon_core.shell:Creating package script '/home/nameless/ugv_ws_jazzy_port/install/ugv_description/share/ugv_description/package.bash'
[2.078s] INFO:colcon.colcon_core.shell:Creating package script '/home/nameless/ugv_ws_jazzy_port/install/ugv_description/share/ugv_description/package.zsh'
[2.080s] Level 1:colcon.colcon_core.environment:create_file_with_runtime_dependencies(/home/nameless/ugv_ws_jazzy_port/install/ugv_description/share/colcon-core/packages/ugv_description)
[2.082s] Level 1:colcon.colcon_core.environment:create_environment_scripts_only(ugv_description)
[2.082s] Level 1:colcon.colcon_core.environment:checking '/home/nameless/ugv_ws_jazzy_port/install/ugv_description' for CMake module files
[2.083s] Level 1:colcon.colcon_core.environment:checking '/home/nameless/ugv_ws_jazzy_port/install/ugv_description' for CMake config files
[2.084s] Level 1:colcon.colcon_core.shell:create_environment_hook('ugv_description', 'cmake_prefix_path')
[2.085s] INFO:colcon.colcon_core.shell:Creating environment hook '/home/nameless/ugv_ws_jazzy_port/install/ugv_description/share/ugv_description/hook/cmake_prefix_path.ps1'
[2.086s] INFO:colcon.colcon_core.shell:Creating environment descriptor '/home/nameless/ugv_ws_jazzy_port/install/ugv_description/share/ugv_description/hook/cmake_prefix_path.dsv'
[2.087s] INFO:colcon.colcon_core.shell:Creating environment hook '/home/nameless/ugv_ws_jazzy_port/install/ugv_description/share/ugv_description/hook/cmake_prefix_path.sh'
[2.088s] Level 1:colcon.colcon_core.environment:checking '/home/nameless/ugv_ws_jazzy_port/install/ugv_description/bin'
[2.089s] Level 1:colcon.colcon_core.environment:checking '/home/nameless/ugv_ws_jazzy_port/install/ugv_description/lib/pkgconfig/ugv_description.pc'
[2.089s] Level 1:colcon.colcon_core.environment:checking '/home/nameless/ugv_ws_jazzy_port/install/ugv_description/lib/python3.12/site-packages'
[2.090s] Level 1:colcon.colcon_core.environment:checking '/home/nameless/ugv_ws_jazzy_port/install/ugv_description/bin'
[2.090s] INFO:colcon.colcon_core.shell:Creating package script '/home/nameless/ugv_ws_jazzy_port/install/ugv_description/share/ugv_description/package.ps1'
[2.092s] INFO:colcon.colcon_core.shell:Creating package descriptor '/home/nameless/ugv_ws_jazzy_port/install/ugv_description/share/ugv_description/package.dsv'
[2.093s] INFO:colcon.colcon_core.shell:Creating package script '/home/nameless/ugv_ws_jazzy_port/install/ugv_description/share/ugv_description/package.sh'
[2.095s] INFO:colcon.colcon_core.shell:Creating package script '/home/nameless/ugv_ws_jazzy_port/install/ugv_description/share/ugv_description/package.bash'
[2.096s] INFO:colcon.colcon_core.shell:Creating package script '/home/nameless/ugv_ws_jazzy_port/install/ugv_description/share/ugv_description/package.zsh'
[2.097s] Level 1:colcon.colcon_core.environment:create_file_with_runtime_dependencies(/home/nameless/ugv_ws_jazzy_port/install/ugv_description/share/colcon-core/packages/ugv_description)
[2.100s] INFO:colcon.colcon_ros.task.ament_python.build:Building ROS package in '/home/nameless/ugv_ws_jazzy_port/src/ugv_main/ugv_vision' with build type 'ament_python'
[2.101s] Level 1:colcon.colcon_core.shell:create_environment_hook('ugv_vision', 'ament_prefix_path')
[2.102s] INFO:colcon.colcon_core.shell:Creating environment hook '/home/nameless/ugv_ws_jazzy_port/install/ugv_vision/share/ugv_vision/hook/ament_prefix_path.ps1'
[2.104s] INFO:colcon.colcon_core.shell:Creating environment descriptor '/home/nameless/ugv_ws_jazzy_port/install/ugv_vision/share/ugv_vision/hook/ament_prefix_path.dsv'
[2.105s] INFO:colcon.colcon_core.shell:Creating environment hook '/home/nameless/ugv_ws_jazzy_port/install/ugv_vision/share/ugv_vision/hook/ament_prefix_path.sh'
[2.107s] INFO:colcon.colcon_core.shell:Skip shell extension 'powershell' for command environment: Not usable outside of PowerShell
[2.107s] DEBUG:colcon.colcon_core.shell:Skip shell extension 'dsv' for command environment
[2.117s] DEBUG:colcon.colcon_core.event_handler.log_command:Invoking command in '/home/nameless/ugv_ws_jazzy_port/build/ugv_chat_ai': PYTHONPATH=/home/nameless/ugv_ws_jazzy_port/build/ugv_chat_ai/prefix_override:/usr/lib/python3/dist-packages/colcon_core/task/python/colcon_distutils_commands:/home/nameless/ugv_ws_jazzy_port/install/ugv_chat_ai/lib/python3.12/site-packages:${PYTHONPATH} /usr/bin/python3 -W ignore:setup.py install is deprecated -W ignore:easy_install command is deprecated setup.py develop --editable --build-directory /home/nameless/ugv_ws_jazzy_port/build/ugv_chat_ai/build --no-deps symlink_data
[2.600s] INFO:colcon.colcon_core.task.python.build:Building Python package in '/home/nameless/ugv_ws_jazzy_port/src/ugv_main/ugv_vision'
[2.600s] INFO:colcon.colcon_core.shell:Skip shell extension 'powershell' for command environment: Not usable outside of PowerShell
[2.601s] DEBUG:colcon.colcon_core.shell:Skip shell extension 'dsv' for command environment
[2.750s] Level 1:colcon.colcon_core.environment:create_environment_scripts_only(ugv_nav)
[2.751s] Level 1:colcon.colcon_core.environment:checking '/home/nameless/ugv_ws_jazzy_port/install/ugv_nav' for CMake module files
[2.751s] DEBUG:colcon.colcon_core.event_handler.log_command:Invoked command in '/home/nameless/ugv_ws_jazzy_port/build/ugv_nav' returned '0': CMAKE_PREFIX_PATH=${CMAKE_PREFIX_PATH}:/opt/ros/jazzy /usr/bin/cmake --install /home/nameless/ugv_ws_jazzy_port/build/ugv_nav
[2.753s] Level 1:colcon.colcon_core.environment:checking '/home/nameless/ugv_ws_jazzy_port/install/ugv_nav' for CMake config files
[2.753s] Level 1:colcon.colcon_core.shell:create_environment_hook('ugv_nav', 'cmake_prefix_path')
[2.755s] INFO:colcon.colcon_core.shell:Creating environment hook '/home/nameless/ugv_ws_jazzy_port/install/ugv_nav/share/ugv_nav/hook/cmake_prefix_path.ps1'
[2.756s] INFO:colcon.colcon_core.shell:Creating environment descriptor '/home/nameless/ugv_ws_jazzy_port/install/ugv_nav/share/ugv_nav/hook/cmake_prefix_path.dsv'
[2.758s] INFO:colcon.colcon_core.shell:Creating environment hook '/home/nameless/ugv_ws_jazzy_port/install/ugv_nav/share/ugv_nav/hook/cmake_prefix_path.sh'
[2.759s] Level 1:colcon.colcon_core.environment:checking '/home/nameless/ugv_ws_jazzy_port/install/ugv_nav/bin'
[2.760s] Level 1:colcon.colcon_core.environment:checking '/home/nameless/ugv_ws_jazzy_port/install/ugv_nav/lib/pkgconfig/ugv_nav.pc'
[2.760s] Level 1:colcon.colcon_core.environment:checking '/home/nameless/ugv_ws_jazzy_port/install/ugv_nav/lib/python3.12/site-packages'
[2.761s] Level 1:colcon.colcon_core.environment:checking '/home/nameless/ugv_ws_jazzy_port/install/ugv_nav/bin'
[2.762s] INFO:colcon.colcon_core.shell:Creating package script '/home/nameless/ugv_ws_jazzy_port/install/ugv_nav/share/ugv_nav/package.ps1'
[2.763s] INFO:colcon.colcon_core.shell:Creating package descriptor '/home/nameless/ugv_ws_jazzy_port/install/ugv_nav/share/ugv_nav/package.dsv'
[2.764s] INFO:colcon.colcon_core.shell:Creating package script '/home/nameless/ugv_ws_jazzy_port/install/ugv_nav/share/ugv_nav/package.sh'
[2.765s] INFO:colcon.colcon_core.shell:Creating package script '/home/nameless/ugv_ws_jazzy_port/install/ugv_nav/share/ugv_nav/package.bash'
[2.767s] INFO:colcon.colcon_core.shell:Creating package script '/home/nameless/ugv_ws_jazzy_port/install/ugv_nav/share/ugv_nav/package.zsh'
[2.779s] Level 1:colcon.colcon_core.environment:create_file_with_runtime_dependencies(/home/nameless/ugv_ws_jazzy_port/install/ugv_nav/share/colcon-core/packages/ugv_nav)
[2.794s] Level 1:colcon.colcon_core.environment:create_environment_scripts_only(ugv_nav)
[2.794s] Level 1:colcon.colcon_core.environment:checking '/home/nameless/ugv_ws_jazzy_port/install/ugv_nav' for CMake module files
[2.795s] Level 1:colcon.colcon_core.environment:checking '/home/nameless/ugv_ws_jazzy_port/install/ugv_nav' for CMake config files
[2.796s] Level 1:colcon.colcon_core.shell:create_environment_hook('ugv_nav', 'cmake_prefix_path')
[2.797s] INFO:colcon.colcon_core.shell:Creating environment hook '/home/nameless/ugv_ws_jazzy_port/install/ugv_nav/share/ugv_nav/hook/cmake_prefix_path.ps1'
[2.798s] INFO:colcon.colcon_core.shell:Creating environment descriptor '/home/nameless/ugv_ws_jazzy_port/install/ugv_nav/share/ugv_nav/hook/cmake_prefix_path.dsv'
[2.799s] INFO:colcon.colcon_core.shell:Creating environment hook '/home/nameless/ugv_ws_jazzy_port/install/ugv_nav/share/ugv_nav/hook/cmake_prefix_path.sh'
[2.800s] Level 1:colcon.colcon_core.environment:checking '/home/nameless/ugv_ws_jazzy_port/install/ugv_nav/bin'
[2.800s] Level 1:colcon.colcon_core.environment:checking '/home/nameless/ugv_ws_jazzy_port/install/ugv_nav/lib/pkgconfig/ugv_nav.pc'
[2.801s] Level 1:colcon.colcon_core.environment:checking '/home/nameless/ugv_ws_jazzy_port/install/ugv_nav/lib/python3.12/site-packages'
[2.802s] Level 1:colcon.colcon_core.environment:checking '/home/nameless/ugv_ws_jazzy_port/install/ugv_nav/bin'
[2.802s] INFO:colcon.colcon_core.shell:Creating package script '/home/nameless/ugv_ws_jazzy_port/install/ugv_nav/share/ugv_nav/package.ps1'
[2.803s] INFO:colcon.colcon_core.shell:Creating package descriptor '/home/nameless/ugv_ws_jazzy_port/install/ugv_nav/share/ugv_nav/package.dsv'
[2.804s] INFO:colcon.colcon_core.shell:Creating package script '/home/nameless/ugv_ws_jazzy_port/install/ugv_nav/share/ugv_nav/package.sh'
[2.805s] INFO:colcon.colcon_core.shell:Creating package script '/home/nameless/ugv_ws_jazzy_port/install/ugv_nav/share/ugv_nav/package.bash'
[2.806s] INFO:colcon.colcon_core.shell:Creating package script '/home/nameless/ugv_ws_jazzy_port/install/ugv_nav/share/ugv_nav/package.zsh'
[2.807s] Level 1:colcon.colcon_core.environment:create_file_with_runtime_dependencies(/home/nameless/ugv_ws_jazzy_port/install/ugv_nav/share/colcon-core/packages/ugv_nav)
[2.809s] INFO:colcon.colcon_ros.task.ament_python.build:Building ROS package in '/home/nameless/ugv_ws_jazzy_port/src/ugv_main/ugv_web_app' with build type 'ament_python'
[2.809s] Level 1:colcon.colcon_core.shell:create_environment_hook('ugv_web_app', 'ament_prefix_path')
[2.810s] INFO:colcon.colcon_core.shell:Creating environment hook '/home/nameless/ugv_ws_jazzy_port/install/ugv_web_app/share/ugv_web_app/hook/ament_prefix_path.ps1'
[2.813s] INFO:colcon.colcon_core.shell:Creating environment descriptor '/home/nameless/ugv_ws_jazzy_port/install/ugv_web_app/share/ugv_web_app/hook/ament_prefix_path.dsv'
[2.814s] INFO:colcon.colcon_core.shell:Creating environment hook '/home/nameless/ugv_ws_jazzy_port/install/ugv_web_app/share/ugv_web_app/hook/ament_prefix_path.sh'
[2.816s] INFO:colcon.colcon_core.shell:Skip shell extension 'powershell' for command environment: Not usable outside of PowerShell
[2.816s] DEBUG:colcon.colcon_core.shell:Skip shell extension 'dsv' for command environment
[3.226s] INFO:colcon.colcon_core.task.python.build:Building Python package in '/home/nameless/ugv_ws_jazzy_port/src/ugv_main/ugv_web_app'
[3.228s] INFO:colcon.colcon_core.shell:Skip shell extension 'powershell' for command environment: Not usable outside of PowerShell
[3.228s] DEBUG:colcon.colcon_core.shell:Skip shell extension 'dsv' for command environment
[3.235s] DEBUG:colcon.colcon_core.event_handler.log_command:Invoking command in '/home/nameless/ugv_ws_jazzy_port/build/ugv_tools': PYTHONPATH=/home/nameless/ugv_ws_jazzy_port/build/ugv_tools/prefix_override:/usr/lib/python3/dist-packages/colcon_core/task/python/colcon_distutils_commands:/home/nameless/ugv_ws_jazzy_port/install/ugv_tools/lib/python3.12/site-packages:${PYTHONPATH} /usr/bin/python3 -W ignore:setup.py install is deprecated -W ignore:easy_install command is deprecated setup.py develop --editable --build-directory /home/nameless/ugv_ws_jazzy_port/build/ugv_tools/build --no-deps symlink_data
[3.397s] Level 1:colcon.colcon_core.shell:create_environment_hook('ugv_chat_ai', 'pythonpath_develop')
[3.398s] INFO:colcon.colcon_core.shell:Creating environment hook '/home/nameless/ugv_ws_jazzy_port/build/ugv_chat_ai/share/ugv_chat_ai/hook/pythonpath_develop.ps1'
[3.399s] DEBUG:colcon.colcon_core.event_handler.log_command:Invoked command in '/home/nameless/ugv_ws_jazzy_port/build/ugv_chat_ai' returned '0': PYTHONPATH=/home/nameless/ugv_ws_jazzy_port/build/ugv_chat_ai/prefix_override:/usr/lib/python3/dist-packages/colcon_core/task/python/colcon_distutils_commands:/home/nameless/ugv_ws_jazzy_port/install/ugv_chat_ai/lib/python3.12/site-packages:${PYTHONPATH} /usr/bin/python3 -W ignore:setup.py install is deprecated -W ignore:easy_install command is deprecated setup.py develop --editable --build-directory /home/nameless/ugv_ws_jazzy_port/build/ugv_chat_ai/build --no-deps symlink_data
[3.399s] INFO:colcon.colcon_core.shell:Creating environment descriptor '/home/nameless/ugv_ws_jazzy_port/build/ugv_chat_ai/share/ugv_chat_ai/hook/pythonpath_develop.dsv'
[3.400s] INFO:colcon.colcon_core.shell:Creating environment hook '/home/nameless/ugv_ws_jazzy_port/build/ugv_chat_ai/share/ugv_chat_ai/hook/pythonpath_develop.sh'
[3.401s] Level 1:colcon.colcon_core.environment:checking '/home/nameless/ugv_ws_jazzy_port/install/ugv_chat_ai' for CMake module files
[3.401s] Level 1:colcon.colcon_core.environment:checking '/home/nameless/ugv_ws_jazzy_port/install/ugv_chat_ai' for CMake config files
[3.402s] Level 1:colcon.colcon_core.environment:checking '/home/nameless/ugv_ws_jazzy_port/install/ugv_chat_ai/lib'
[3.403s] Level 1:colcon.colcon_core.environment:checking '/home/nameless/ugv_ws_jazzy_port/install/ugv_chat_ai/bin'
[3.403s] Level 1:colcon.colcon_core.environment:checking '/home/nameless/ugv_ws_jazzy_port/install/ugv_chat_ai/lib/pkgconfig/ugv_chat_ai.pc'
[3.403s] Level 1:colcon.colcon_core.environment:checking '/home/nameless/ugv_ws_jazzy_port/install/ugv_chat_ai/lib/python3.12/site-packages'
[3.403s] Level 1:colcon.colcon_core.shell:create_environment_hook('ugv_chat_ai', 'pythonpath')
[3.404s] INFO:colcon.colcon_core.shell:Creating environment hook '/home/nameless/ugv_ws_jazzy_port/install/ugv_chat_ai/share/ugv_chat_ai/hook/pythonpath.ps1'
[3.404s] INFO:colcon.colcon_core.shell:Creating environment descriptor '/home/nameless/ugv_ws_jazzy_port/install/ugv_chat_ai/share/ugv_chat_ai/hook/pythonpath.dsv'
[3.405s] INFO:colcon.colcon_core.shell:Creating environment hook '/home/nameless/ugv_ws_jazzy_port/install/ugv_chat_ai/share/ugv_chat_ai/hook/pythonpath.sh'
[3.406s] Level 1:colcon.colcon_core.environment:checking '/home/nameless/ugv_ws_jazzy_port/install/ugv_chat_ai/bin'
[3.407s] Level 1:colcon.colcon_core.environment:create_environment_scripts_only(ugv_chat_ai)
[3.407s] INFO:colcon.colcon_core.shell:Creating package script '/home/nameless/ugv_ws_jazzy_port/install/ugv_chat_ai/share/ugv_chat_ai/package.ps1'
[3.408s] INFO:colcon.colcon_core.shell:Creating package descriptor '/home/nameless/ugv_ws_jazzy_port/install/ugv_chat_ai/share/ugv_chat_ai/package.dsv'
[3.409s] INFO:colcon.colcon_core.shell:Creating package script '/home/nameless/ugv_ws_jazzy_port/install/ugv_chat_ai/share/ugv_chat_ai/package.sh'
[3.410s] INFO:colcon.colcon_core.shell:Creating package script '/home/nameless/ugv_ws_jazzy_port/install/ugv_chat_ai/share/ugv_chat_ai/package.bash'
[3.411s] INFO:colcon.colcon_core.shell:Creating package script '/home/nameless/ugv_ws_jazzy_port/install/ugv_chat_ai/share/ugv_chat_ai/package.zsh'
[3.411s] Level 1:colcon.colcon_core.environment:create_file_with_runtime_dependencies(/home/nameless/ugv_ws_jazzy_port/install/ugv_chat_ai/share/colcon-core/packages/ugv_chat_ai)
[3.685s] DEBUG:colcon.colcon_core.event_handler.log_command:Invoking command in '/home/nameless/ugv_ws_jazzy_port/build/ugv_vision': PYTHONPATH=/home/nameless/ugv_ws_jazzy_port/build/ugv_vision/prefix_override:/usr/lib/python3/dist-packages/colcon_core/task/python/colcon_distutils_commands:/home/nameless/ugv_ws_jazzy_port/install/ugv_vision/lib/python3.12/site-packages:${PYTHONPATH} /usr/bin/python3 -W ignore:setup.py install is deprecated -W ignore:easy_install command is deprecated setup.py develop --editable --build-directory /home/nameless/ugv_ws_jazzy_port/build/ugv_vision/build --no-deps symlink_data
[4.233s] DEBUG:colcon.colcon_core.event_handler.log_command:Invoking command in '/home/nameless/ugv_ws_jazzy_port/build/ugv_web_app': PYTHONPATH=/home/nameless/ugv_ws_jazzy_port/build/ugv_web_app/prefix_override:/usr/lib/python3/dist-packages/colcon_core/task/python/colcon_distutils_commands:/home/nameless/ugv_ws_jazzy_port/install/ugv_web_app/lib/python3.12/site-packages:${PYTHONPATH} /usr/bin/python3 -W ignore:setup.py install is deprecated -W ignore:easy_install command is deprecated setup.py develop --editable --build-directory /home/nameless/ugv_ws_jazzy_port/build/ugv_web_app/build --no-deps symlink_data
[4.308s] Level 1:colcon.colcon_core.shell:create_environment_hook('ugv_tools', 'pythonpath_develop')
[4.308s] INFO:colcon.colcon_core.shell:Creating environment hook '/home/nameless/ugv_ws_jazzy_port/build/ugv_tools/share/ugv_tools/hook/pythonpath_develop.ps1'
[4.309s] INFO:colcon.colcon_core.shell:Creating environment descriptor '/home/nameless/ugv_ws_jazzy_port/build/ugv_tools/share/ugv_tools/hook/pythonpath_develop.dsv'
[4.310s] INFO:colcon.colcon_core.shell:Creating environment hook '/home/nameless/ugv_ws_jazzy_port/build/ugv_tools/share/ugv_tools/hook/pythonpath_develop.sh'
[4.310s] Level 1:colcon.colcon_core.environment:checking '/home/nameless/ugv_ws_jazzy_port/install/ugv_tools' for CMake module files
[4.311s] Level 1:colcon.colcon_core.environment:checking '/home/nameless/ugv_ws_jazzy_port/install/ugv_tools' for CMake config files
[4.312s] Level 1:colcon.colcon_core.environment:checking '/home/nameless/ugv_ws_jazzy_port/install/ugv_tools/lib'
[4.312s] Level 1:colcon.colcon_core.environment:checking '/home/nameless/ugv_ws_jazzy_port/install/ugv_tools/bin'
[4.312s] Level 1:colcon.colcon_core.environment:checking '/home/nameless/ugv_ws_jazzy_port/install/ugv_tools/lib/pkgconfig/ugv_tools.pc'
[4.313s] Level 1:colcon.colcon_core.environment:checking '/home/nameless/ugv_ws_jazzy_port/install/ugv_tools/lib/python3.12/site-packages'
[4.313s] Level 1:colcon.colcon_core.shell:create_environment_hook('ugv_tools', 'pythonpath')
[4.313s] INFO:colcon.colcon_core.shell:Creating environment hook '/home/nameless/ugv_ws_jazzy_port/install/ugv_tools/share/ugv_tools/hook/pythonpath.ps1'
[4.314s] DEBUG:colcon.colcon_core.event_handler.log_command:Invoked command in '/home/nameless/ugv_ws_jazzy_port/build/ugv_tools' returned '0': PYTHONPATH=/home/nameless/ugv_ws_jazzy_port/build/ugv_tools/prefix_override:/usr/lib/python3/dist-packages/colcon_core/task/python/colcon_distutils_commands:/home/nameless/ugv_ws_jazzy_port/install/ugv_tools/lib/python3.12/site-packages:${PYTHONPATH} /usr/bin/python3 -W ignore:setup.py install is deprecated -W ignore:easy_install command is deprecated setup.py develop --editable --build-directory /home/nameless/ugv_ws_jazzy_port/build/ugv_tools/build --no-deps symlink_data
[4.314s] INFO:colcon.colcon_core.shell:Creating environment descriptor '/home/nameless/ugv_ws_jazzy_port/install/ugv_tools/share/ugv_tools/hook/pythonpath.dsv'
[4.315s] INFO:colcon.colcon_core.shell:Creating environment hook '/home/nameless/ugv_ws_jazzy_port/install/ugv_tools/share/ugv_tools/hook/pythonpath.sh'
[4.316s] Level 1:colcon.colcon_core.environment:checking '/home/nameless/ugv_ws_jazzy_port/install/ugv_tools/bin'
[4.316s] Level 1:colcon.colcon_core.environment:create_environment_scripts_only(ugv_tools)
[4.317s] INFO:colcon.colcon_core.shell:Creating package script '/home/nameless/ugv_ws_jazzy_port/install/ugv_tools/share/ugv_tools/package.ps1'
[4.318s] INFO:colcon.colcon_core.shell:Creating package descriptor '/home/nameless/ugv_ws_jazzy_port/install/ugv_tools/share/ugv_tools/package.dsv'
[4.318s] INFO:colcon.colcon_core.shell:Creating package script '/home/nameless/ugv_ws_jazzy_port/install/ugv_tools/share/ugv_tools/package.sh'
[4.319s] INFO:colcon.colcon_core.shell:Creating package script '/home/nameless/ugv_ws_jazzy_port/install/ugv_tools/share/ugv_tools/package.bash'
[4.319s] INFO:colcon.colcon_core.shell:Creating package script '/home/nameless/ugv_ws_jazzy_port/install/ugv_tools/share/ugv_tools/package.zsh'
[4.320s] Level 1:colcon.colcon_core.environment:create_file_with_runtime_dependencies(/home/nameless/ugv_ws_jazzy_port/install/ugv_tools/share/colcon-core/packages/ugv_tools)
[4.670s] Level 1:colcon.colcon_core.shell:create_environment_hook('ugv_vision', 'pythonpath_develop')
[4.671s] INFO:colcon.colcon_core.shell:Creating environment hook '/home/nameless/ugv_ws_jazzy_port/build/ugv_vision/share/ugv_vision/hook/pythonpath_develop.ps1'
[4.671s] DEBUG:colcon.colcon_core.event_handler.log_command:Invoked command in '/home/nameless/ugv_ws_jazzy_port/build/ugv_vision' returned '0': PYTHONPATH=/home/nameless/ugv_ws_jazzy_port/build/ugv_vision/prefix_override:/usr/lib/python3/dist-packages/colcon_core/task/python/colcon_distutils_commands:/home/nameless/ugv_ws_jazzy_port/install/ugv_vision/lib/python3.12/site-packages:${PYTHONPATH} /usr/bin/python3 -W ignore:setup.py install is deprecated -W ignore:easy_install command is deprecated setup.py develop --editable --build-directory /home/nameless/ugv_ws_jazzy_port/build/ugv_vision/build --no-deps symlink_data
[4.672s] INFO:colcon.colcon_core.shell:Creating environment descriptor '/home/nameless/ugv_ws_jazzy_port/build/ugv_vision/share/ugv_vision/hook/pythonpath_develop.dsv'
[4.673s] INFO:colcon.colcon_core.shell:Creating environment hook '/home/nameless/ugv_ws_jazzy_port/build/ugv_vision/share/ugv_vision/hook/pythonpath_develop.sh'
[4.673s] Level 1:colcon.colcon_core.environment:checking '/home/nameless/ugv_ws_jazzy_port/install/ugv_vision' for CMake module files
[4.674s] Level 1:colcon.colcon_core.environment:checking '/home/nameless/ugv_ws_jazzy_port/install/ugv_vision' for CMake config files
[4.675s] Level 1:colcon.colcon_core.environment:checking '/home/nameless/ugv_ws_jazzy_port/install/ugv_vision/lib'
[4.675s] Level 1:colcon.colcon_core.environment:checking '/home/nameless/ugv_ws_jazzy_port/install/ugv_vision/bin'
[4.675s] Level 1:colcon.colcon_core.environment:checking '/home/nameless/ugv_ws_jazzy_port/install/ugv_vision/lib/pkgconfig/ugv_vision.pc'
[4.675s] Level 1:colcon.colcon_core.environment:checking '/home/nameless/ugv_ws_jazzy_port/install/ugv_vision/lib/python3.12/site-packages'
[4.675s] Level 1:colcon.colcon_core.shell:create_environment_hook('ugv_vision', 'pythonpath')
[4.676s] INFO:colcon.colcon_core.shell:Creating environment hook '/home/nameless/ugv_ws_jazzy_port/install/ugv_vision/share/ugv_vision/hook/pythonpath.ps1'
[4.676s] INFO:colcon.colcon_core.shell:Creating environment descriptor '/home/nameless/ugv_ws_jazzy_port/install/ugv_vision/share/ugv_vision/hook/pythonpath.dsv'
[4.677s] INFO:colcon.colcon_core.shell:Creating environment hook '/home/nameless/ugv_ws_jazzy_port/install/ugv_vision/share/ugv_vision/hook/pythonpath.sh'
[4.678s] Level 1:colcon.colcon_core.environment:checking '/home/nameless/ugv_ws_jazzy_port/install/ugv_vision/bin'
[4.678s] Level 1:colcon.colcon_core.environment:create_environment_scripts_only(ugv_vision)
[4.678s] INFO:colcon.colcon_core.shell:Creating package script '/home/nameless/ugv_ws_jazzy_port/install/ugv_vision/share/ugv_vision/package.ps1'
[4.679s] INFO:colcon.colcon_core.shell:Creating package descriptor '/home/nameless/ugv_ws_jazzy_port/install/ugv_vision/share/ugv_vision/package.dsv'
[4.680s] INFO:colcon.colcon_core.shell:Creating package script '/home/nameless/ugv_ws_jazzy_port/install/ugv_vision/share/ugv_vision/package.sh'
[4.680s] INFO:colcon.colcon_core.shell:Creating package script '/home/nameless/ugv_ws_jazzy_port/install/ugv_vision/share/ugv_vision/package.bash'
[4.681s] INFO:colcon.colcon_core.shell:Creating package script '/home/nameless/ugv_ws_jazzy_port/install/ugv_vision/share/ugv_vision/package.zsh'
[4.681s] Level 1:colcon.colcon_core.environment:create_file_with_runtime_dependencies(/home/nameless/ugv_ws_jazzy_port/install/ugv_vision/share/colcon-core/packages/ugv_vision)
[5.165s] Level 1:colcon.colcon_core.shell:create_environment_hook('ugv_web_app', 'pythonpath_develop')
[5.165s] INFO:colcon.colcon_core.shell:Creating environment hook '/home/nameless/ugv_ws_jazzy_port/build/ugv_web_app/share/ugv_web_app/hook/pythonpath_develop.ps1'
[5.166s] DEBUG:colcon.colcon_core.event_handler.log_command:Invoked command in '/home/nameless/ugv_ws_jazzy_port/build/ugv_web_app' returned '0': PYTHONPATH=/home/nameless/ugv_ws_jazzy_port/build/ugv_web_app/prefix_override:/usr/lib/python3/dist-packages/colcon_core/task/python/colcon_distutils_commands:/home/nameless/ugv_ws_jazzy_port/install/ugv_web_app/lib/python3.12/site-packages:${PYTHONPATH} /usr/bin/python3 -W ignore:setup.py install is deprecated -W ignore:easy_install command is deprecated setup.py develop --editable --build-directory /home/nameless/ugv_ws_jazzy_port/build/ugv_web_app/build --no-deps symlink_data
[5.166s] INFO:colcon.colcon_core.shell:Creating environment descriptor '/home/nameless/ugv_ws_jazzy_port/build/ugv_web_app/share/ugv_web_app/hook/pythonpath_develop.dsv'
[5.167s] INFO:colcon.colcon_core.shell:Creating environment hook '/home/nameless/ugv_ws_jazzy_port/build/ugv_web_app/share/ugv_web_app/hook/pythonpath_develop.sh'
[5.167s] Level 1:colcon.colcon_core.environment:checking '/home/nameless/ugv_ws_jazzy_port/install/ugv_web_app' for CMake module files
[5.168s] Level 1:colcon.colcon_core.environment:checking '/home/nameless/ugv_ws_jazzy_port/install/ugv_web_app' for CMake config files
[5.168s] Level 1:colcon.colcon_core.environment:checking '/home/nameless/ugv_ws_jazzy_port/install/ugv_web_app/lib'
[5.168s] Level 1:colcon.colcon_core.environment:checking '/home/nameless/ugv_ws_jazzy_port/install/ugv_web_app/bin'
[5.169s] Level 1:colcon.colcon_core.environment:checking '/home/nameless/ugv_ws_jazzy_port/install/ugv_web_app/lib/pkgconfig/ugv_web_app.pc'
[5.169s] Level 1:colcon.colcon_core.environment:checking '/home/nameless/ugv_ws_jazzy_port/install/ugv_web_app/lib/python3.12/site-packages'
[5.169s] Level 1:colcon.colcon_core.shell:create_environment_hook('ugv_web_app', 'pythonpath')
[5.169s] INFO:colcon.colcon_core.shell:Creating environment hook '/home/nameless/ugv_ws_jazzy_port/install/ugv_web_app/share/ugv_web_app/hook/pythonpath.ps1'
[5.170s] INFO:colcon.colcon_core.shell:Creating environment descriptor '/home/nameless/ugv_ws_jazzy_port/install/ugv_web_app/share/ugv_web_app/hook/pythonpath.dsv'
[5.170s] INFO:colcon.colcon_core.shell:Creating environment hook '/home/nameless/ugv_ws_jazzy_port/install/ugv_web_app/share/ugv_web_app/hook/pythonpath.sh'
[5.171s] Level 1:colcon.colcon_core.environment:checking '/home/nameless/ugv_ws_jazzy_port/install/ugv_web_app/bin'
[5.171s] Level 1:colcon.colcon_core.environment:create_environment_scripts_only(ugv_web_app)
[5.172s] INFO:colcon.colcon_core.shell:Creating package script '/home/nameless/ugv_ws_jazzy_port/install/ugv_web_app/share/ugv_web_app/package.ps1'
[5.172s] INFO:colcon.colcon_core.shell:Creating package descriptor '/home/nameless/ugv_ws_jazzy_port/install/ugv_web_app/share/ugv_web_app/package.dsv'
[5.173s] INFO:colcon.colcon_core.shell:Creating package script '/home/nameless/ugv_ws_jazzy_port/install/ugv_web_app/share/ugv_web_app/package.sh'
[5.173s] INFO:colcon.colcon_core.shell:Creating package script '/home/nameless/ugv_ws_jazzy_port/install/ugv_web_app/share/ugv_web_app/package.bash'
[5.174s] INFO:colcon.colcon_core.shell:Creating package script '/home/nameless/ugv_ws_jazzy_port/install/ugv_web_app/share/ugv_web_app/package.zsh'
[5.174s] Level 1:colcon.colcon_core.environment:create_file_with_runtime_dependencies(/home/nameless/ugv_ws_jazzy_port/install/ugv_web_app/share/colcon-core/packages/ugv_web_app)
[5.175s] DEBUG:colcon.colcon_parallel_executor.executor.parallel:closing loop
[5.175s] DEBUG:colcon.colcon_parallel_executor.executor.parallel:loop closed
[5.175s] DEBUG:colcon.colcon_parallel_executor.executor.parallel:run_until_complete finished with '0'
[5.176s] DEBUG:colcon.colcon_core.event_reactor:joining thread
[5.177s] DEBUG:colcon.colcon_core.event_reactor:joined thread
[5.177s] INFO:colcon.colcon_core.shell:Creating prefix script '/home/nameless/ugv_ws_jazzy_port/install/local_setup.ps1'
[5.178s] INFO:colcon.colcon_core.shell:Creating prefix util module '/home/nameless/ugv_ws_jazzy_port/install/_local_setup_util_ps1.py'
[5.180s] INFO:colcon.colcon_core.shell:Creating prefix chain script '/home/nameless/ugv_ws_jazzy_port/install/setup.ps1'
[5.181s] INFO:colcon.colcon_core.shell:Creating prefix script '/home/nameless/ugv_ws_jazzy_port/install/local_setup.sh'
[5.182s] INFO:colcon.colcon_core.shell:Creating prefix util module '/home/nameless/ugv_ws_jazzy_port/install/_local_setup_util_sh.py'
[5.182s] INFO:colcon.colcon_core.shell:Creating prefix chain script '/home/nameless/ugv_ws_jazzy_port/install/setup.sh'
[5.183s] INFO:colcon.colcon_core.shell:Creating prefix script '/home/nameless/ugv_ws_jazzy_port/install/local_setup.bash'
[5.185s] INFO:colcon.colcon_core.shell:Creating prefix chain script '/home/nameless/ugv_ws_jazzy_port/install/setup.bash'
[5.186s] INFO:colcon.colcon_core.shell:Creating prefix script '/home/nameless/ugv_ws_jazzy_port/install/local_setup.zsh'
[5.187s] INFO:colcon.colcon_core.shell:Creating prefix chain script '/home/nameless/ugv_ws_jazzy_port/install/setup.zsh'
