[0.000000] (-) TimerEvent: {}
[0.000356] (-) JobUnselected: {'identifier': 'apriltag'}
[0.000446] (-) JobUnselected: {'identifier': 'apriltag_msgs'}
[0.000689] (-) JobUnselected: {'identifier': 'apriltag_ros'}
[0.000711] (-) JobUnselected: {'identifier': 'costmap_converter'}
[0.000842] (-) JobUnselected: {'identifier': 'costmap_converter_msgs'}
[0.000863] (-) JobUnselected: {'identifier': 'emcl2'}
[0.001048] (-) JobUnselected: {'identifier': 'explore_lite'}
[0.001161] (-) JobUnselected: {'identifier': 'ldlidar'}
[0.001181] (-) JobUnselected: {'identifier': 'rf2o_laser_odometry'}
[0.001199] (-) JobUnselected: {'identifier': 'teb_local_planner'}
[0.001227] (-) JobUnselected: {'identifier': 'teb_msgs'}
[0.001263] (-) JobUnselected: {'identifier': 'ugv_chat_ai'}
[0.001298] (-) JobUnselected: {'identifier': 'ugv_description'}
[0.001540] (-) JobUnselected: {'identifier': 'ugv_gazebo'}
[0.001559] (-) JobUnselected: {'identifier': 'ugv_nav'}
[0.001576] (-) JobUnselected: {'identifier': 'ugv_slam'}
[0.001656] (-) JobUnselected: {'identifier': 'ugv_tools'}
[0.001675] (-) JobUnselected: {'identifier': 'ugv_vision'}
[0.001692] (-) JobUnselected: {'identifier': 'ugv_web_app'}
[0.001722] (-) JobUnselected: {'identifier': 'vizanti'}
[0.001740] (-) JobUnselected: {'identifier': 'vizanti_cpp'}
[0.001767] (-) JobUnselected: {'identifier': 'vizanti_demos'}
[0.001785] (-) JobUnselected: {'identifier': 'vizanti_msgs'}
[0.001812] (-) JobUnselected: {'identifier': 'vizanti_server'}
[0.001842] (robot_pose_publisher) JobQueued: {'identifier': 'robot_pose_publisher', 'dependencies': OrderedDict()}
[0.002070] (ugv_base_node) JobQueued: {'identifier': 'ugv_base_node', 'dependencies': OrderedDict()}
[0.002115] (ugv_bringup) JobQueued: {'identifier': 'ugv_bringup', 'dependencies': OrderedDict()}
[0.002138] (ugv_interface) JobQueued: {'identifier': 'ugv_interface', 'dependencies': OrderedDict()}
[0.002161] (robot_pose_publisher) JobStarted: {'identifier': 'robot_pose_publisher'}
[0.008138] (ugv_base_node) JobStarted: {'identifier': 'ugv_base_node'}
[0.012606] (ugv_bringup) JobStarted: {'identifier': 'ugv_bringup'}
[0.021386] (ugv_interface) JobStarted: {'identifier': 'ugv_interface'}
[0.028296] (robot_pose_publisher) JobProgress: {'identifier': 'robot_pose_publisher', 'progress': 'cmake'}
[0.029389] (robot_pose_publisher) JobProgress: {'identifier': 'robot_pose_publisher', 'progress': 'build'}
[0.030205] (robot_pose_publisher) Command: {'cmd': ['/usr/bin/cmake', '--build', '/home/nameless/ugv_ws_jazzy_port/build/robot_pose_publisher', '--', '-j4', '-l4'], 'cwd': '/home/nameless/ugv_ws_jazzy_port/build/robot_pose_publisher', 'env': OrderedDict({'LESSOPEN': '| /usr/bin/lesspipe %s', 'USER': 'nameless', 'SSH_CLIENT': '192.168.0.79 44542 22', 'LC_TIME': 'C.UTF-8', 'XDG_SESSION_TYPE': 'tty', 'SHLVL': '1', 'LD_LIBRARY_PATH': '/opt/ros/jazzy/opt/rviz_ogre_vendor/lib:/opt/ros/jazzy/lib/aarch64-linux-gnu:/opt/ros/jazzy/opt/gz_math_vendor/lib:/opt/ros/jazzy/opt/gz_utils_vendor/lib:/opt/ros/jazzy/opt/gz_cmake_vendor/lib:/opt/ros/jazzy/lib', 'HOME': '/home/nameless', 'OLDPWD': '/home/nameless', 'SSH_TTY': '/dev/pts/0', 'ROS_PYTHON_VERSION': '3', 'LC_MONETARY': 'C.UTF-8', 'DBUS_SESSION_BUS_ADDRESS': 'unix:path=/run/user/1000/bus', 'ROS_DISTRO': 'jazzy', 'LOGNAME': 'nameless', '_': '/usr/bin/colcon', 'ROS_VERSION': '2', 'XDG_SESSION_CLASS': 'user', 'TERM': 'xterm-256color', 'XDG_SESSION_ID': '2', 'PATH': '/opt/ros/jazzy/bin:/usr/local/sbin:/usr/local/bin:/usr/sbin:/usr/bin:/sbin:/bin:/usr/games:/usr/local/games:/snap/bin', 'LC_ADDRESS': 'C.UTF-8', 'XDG_RUNTIME_DIR': '/run/user/1000', 'LANG': 'C.UTF-8', 'LC_TELEPHONE': 'C.UTF-8', 'LS_COLORS': 'rs=0:di=01;34:ln=01;36:mh=00:pi=40;33:so=01;35:do=01;35:bd=40;33;01:cd=40;33;01:or=40;31;01:mi=00:su=37;41:sg=30;43:ca=00:tw=30;42:ow=34;42:st=37;44:ex=01;32:*.tar=01;31:*.tgz=01;31:*.arc=01;31:*.arj=01;31:*.taz=01;31:*.lha=01;31:*.lz4=01;31:*.lzh=01;31:*.lzma=01;31:*.tlz=01;31:*.txz=01;31:*.tzo=01;31:*.t7z=01;31:*.zip=01;31:*.z=01;31:*.dz=01;31:*.gz=01;31:*.lrz=01;31:*.lz=01;31:*.lzo=01;31:*.xz=01;31:*.zst=01;31:*.tzst=01;31:*.bz2=01;31:*.bz=01;31:*.tbz=01;31:*.tbz2=01;31:*.tz=01;31:*.deb=01;31:*.rpm=01;31:*.jar=01;31:*.war=01;31:*.ear=01;31:*.sar=01;31:*.rar=01;31:*.alz=01;31:*.ace=01;31:*.zoo=01;31:*.cpio=01;31:*.7z=01;31:*.rz=01;31:*.cab=01;31:*.wim=01;31:*.swm=01;31:*.dwm=01;31:*.esd=01;31:*.avif=01;35:*.jpg=01;35:*.jpeg=01;35:*.mjpg=01;35:*.mjpeg=01;35:*.gif=01;35:*.bmp=01;35:*.pbm=01;35:*.pgm=01;35:*.ppm=01;35:*.tga=01;35:*.xbm=01;35:*.xpm=01;35:*.tif=01;35:*.tiff=01;35:*.png=01;35:*.svg=01;35:*.svgz=01;35:*.mng=01;35:*.pcx=01;35:*.mov=01;35:*.mpg=01;35:*.mpeg=01;35:*.m2v=01;35:*.mkv=01;35:*.webm=01;35:*.webp=01;35:*.ogm=01;35:*.mp4=01;35:*.m4v=01;35:*.mp4v=01;35:*.vob=01;35:*.qt=01;35:*.nuv=01;35:*.wmv=01;35:*.asf=01;35:*.rm=01;35:*.rmvb=01;35:*.flc=01;35:*.avi=01;35:*.fli=01;35:*.flv=01;35:*.gl=01;35:*.dl=01;35:*.xcf=01;35:*.xwd=01;35:*.yuv=01;35:*.cgm=01;35:*.emf=01;35:*.ogv=01;35:*.ogx=01;35:*.aac=00;36:*.au=00;36:*.flac=00;36:*.m4a=00;36:*.mid=00;36:*.midi=00;36:*.mka=00;36:*.mp3=00;36:*.mpc=00;36:*.ogg=00;36:*.ra=00;36:*.wav=00;36:*.oga=00;36:*.opus=00;36:*.spx=00;36:*.xspf=00;36:*~=00;90:*#=00;90:*.bak=00;90:*.crdownload=00;90:*.dpkg-dist=00;90:*.dpkg-new=00;90:*.dpkg-old=00;90:*.dpkg-tmp=00;90:*.old=00;90:*.orig=00;90:*.part=00;90:*.rej=00;90:*.rpmnew=00;90:*.rpmorig=00;90:*.rpmsave=00;90:*.swp=00;90:*.tmp=00;90:*.ucf-dist=00;90:*.ucf-new=00;90:*.ucf-old=00;90:', 'AMENT_PREFIX_PATH': '/opt/ros/jazzy', 'SHELL': '/bin/bash', 'LC_NAME': 'C.UTF-8', 'LESSCLOSE': '/usr/bin/lesspipe %s %s', 'LC_MEASUREMENT': 'C.UTF-8', 'LC_IDENTIFICATION': 'C.UTF-8', 'ROS_AUTOMATIC_DISCOVERY_RANGE': 'SUBNET', 'PWD': '/home/nameless/ugv_ws_jazzy_port/build/robot_pose_publisher', 'LC_ALL': 'C.UTF-8', 'SSH_CONNECTION': '192.168.0.79 44542 192.168.0.148 22', 'XDG_DATA_DIRS': '/usr/local/share:/usr/share:/var/lib/snapd/desktop', 'PYTHONPATH': '/opt/ros/jazzy/lib/python3.12/site-packages', 'LC_NUMERIC': 'C.UTF-8', 'LC_PAPER': 'C.UTF-8', 'COLCON': '1', 'CMAKE_PREFIX_PATH': '/opt/ros/jazzy/opt/gz_math_vendor:/opt/ros/jazzy/opt/gz_utils_vendor:/opt/ros/jazzy/opt/gz_cmake_vendor:/opt/ros/jazzy'}), 'shell': False}
[0.034059] (ugv_base_node) JobProgress: {'identifier': 'ugv_base_node', 'progress': 'cmake'}
[0.035086] (ugv_base_node) JobProgress: {'identifier': 'ugv_base_node', 'progress': 'build'}
[0.036376] (ugv_base_node) Command: {'cmd': ['/usr/bin/cmake', '--build', '/home/nameless/ugv_ws_jazzy_port/build/ugv_base_node', '--', '-j4', '-l4'], 'cwd': '/home/nameless/ugv_ws_jazzy_port/build/ugv_base_node', 'env': OrderedDict({'LESSOPEN': '| /usr/bin/lesspipe %s', 'USER': 'nameless', 'SSH_CLIENT': '192.168.0.79 44542 22', 'LC_TIME': 'C.UTF-8', 'XDG_SESSION_TYPE': 'tty', 'SHLVL': '1', 'LD_LIBRARY_PATH': '/opt/ros/jazzy/opt/rviz_ogre_vendor/lib:/opt/ros/jazzy/lib/aarch64-linux-gnu:/opt/ros/jazzy/opt/gz_math_vendor/lib:/opt/ros/jazzy/opt/gz_utils_vendor/lib:/opt/ros/jazzy/opt/gz_cmake_vendor/lib:/opt/ros/jazzy/lib', 'HOME': '/home/nameless', 'OLDPWD': '/home/nameless', 'SSH_TTY': '/dev/pts/0', 'ROS_PYTHON_VERSION': '3', 'LC_MONETARY': 'C.UTF-8', 'DBUS_SESSION_BUS_ADDRESS': 'unix:path=/run/user/1000/bus', 'ROS_DISTRO': 'jazzy', 'LOGNAME': 'nameless', '_': '/usr/bin/colcon', 'ROS_VERSION': '2', 'XDG_SESSION_CLASS': 'user', 'TERM': 'xterm-256color', 'XDG_SESSION_ID': '2', 'PATH': '/opt/ros/jazzy/bin:/usr/local/sbin:/usr/local/bin:/usr/sbin:/usr/bin:/sbin:/bin:/usr/games:/usr/local/games:/snap/bin', 'LC_ADDRESS': 'C.UTF-8', 'XDG_RUNTIME_DIR': '/run/user/1000', 'LANG': 'C.UTF-8', 'LC_TELEPHONE': 'C.UTF-8', 'LS_COLORS': 'rs=0:di=01;34:ln=01;36:mh=00:pi=40;33:so=01;35:do=01;35:bd=40;33;01:cd=40;33;01:or=40;31;01:mi=00:su=37;41:sg=30;43:ca=00:tw=30;42:ow=34;42:st=37;44:ex=01;32:*.tar=01;31:*.tgz=01;31:*.arc=01;31:*.arj=01;31:*.taz=01;31:*.lha=01;31:*.lz4=01;31:*.lzh=01;31:*.lzma=01;31:*.tlz=01;31:*.txz=01;31:*.tzo=01;31:*.t7z=01;31:*.zip=01;31:*.z=01;31:*.dz=01;31:*.gz=01;31:*.lrz=01;31:*.lz=01;31:*.lzo=01;31:*.xz=01;31:*.zst=01;31:*.tzst=01;31:*.bz2=01;31:*.bz=01;31:*.tbz=01;31:*.tbz2=01;31:*.tz=01;31:*.deb=01;31:*.rpm=01;31:*.jar=01;31:*.war=01;31:*.ear=01;31:*.sar=01;31:*.rar=01;31:*.alz=01;31:*.ace=01;31:*.zoo=01;31:*.cpio=01;31:*.7z=01;31:*.rz=01;31:*.cab=01;31:*.wim=01;31:*.swm=01;31:*.dwm=01;31:*.esd=01;31:*.avif=01;35:*.jpg=01;35:*.jpeg=01;35:*.mjpg=01;35:*.mjpeg=01;35:*.gif=01;35:*.bmp=01;35:*.pbm=01;35:*.pgm=01;35:*.ppm=01;35:*.tga=01;35:*.xbm=01;35:*.xpm=01;35:*.tif=01;35:*.tiff=01;35:*.png=01;35:*.svg=01;35:*.svgz=01;35:*.mng=01;35:*.pcx=01;35:*.mov=01;35:*.mpg=01;35:*.mpeg=01;35:*.m2v=01;35:*.mkv=01;35:*.webm=01;35:*.webp=01;35:*.ogm=01;35:*.mp4=01;35:*.m4v=01;35:*.mp4v=01;35:*.vob=01;35:*.qt=01;35:*.nuv=01;35:*.wmv=01;35:*.asf=01;35:*.rm=01;35:*.rmvb=01;35:*.flc=01;35:*.avi=01;35:*.fli=01;35:*.flv=01;35:*.gl=01;35:*.dl=01;35:*.xcf=01;35:*.xwd=01;35:*.yuv=01;35:*.cgm=01;35:*.emf=01;35:*.ogv=01;35:*.ogx=01;35:*.aac=00;36:*.au=00;36:*.flac=00;36:*.m4a=00;36:*.mid=00;36:*.midi=00;36:*.mka=00;36:*.mp3=00;36:*.mpc=00;36:*.ogg=00;36:*.ra=00;36:*.wav=00;36:*.oga=00;36:*.opus=00;36:*.spx=00;36:*.xspf=00;36:*~=00;90:*#=00;90:*.bak=00;90:*.crdownload=00;90:*.dpkg-dist=00;90:*.dpkg-new=00;90:*.dpkg-old=00;90:*.dpkg-tmp=00;90:*.old=00;90:*.orig=00;90:*.part=00;90:*.rej=00;90:*.rpmnew=00;90:*.rpmorig=00;90:*.rpmsave=00;90:*.swp=00;90:*.tmp=00;90:*.ucf-dist=00;90:*.ucf-new=00;90:*.ucf-old=00;90:', 'AMENT_PREFIX_PATH': '/opt/ros/jazzy', 'SHELL': '/bin/bash', 'LC_NAME': 'C.UTF-8', 'LESSCLOSE': '/usr/bin/lesspipe %s %s', 'LC_MEASUREMENT': 'C.UTF-8', 'LC_IDENTIFICATION': 'C.UTF-8', 'ROS_AUTOMATIC_DISCOVERY_RANGE': 'SUBNET', 'PWD': '/home/nameless/ugv_ws_jazzy_port/build/ugv_base_node', 'LC_ALL': 'C.UTF-8', 'SSH_CONNECTION': '192.168.0.79 44542 192.168.0.148 22', 'XDG_DATA_DIRS': '/usr/local/share:/usr/share:/var/lib/snapd/desktop', 'PYTHONPATH': '/opt/ros/jazzy/lib/python3.12/site-packages', 'LC_NUMERIC': 'C.UTF-8', 'LC_PAPER': 'C.UTF-8', 'COLCON': '1', 'CMAKE_PREFIX_PATH': '/opt/ros/jazzy/opt/gz_math_vendor:/opt/ros/jazzy/opt/gz_utils_vendor:/opt/ros/jazzy/opt/gz_cmake_vendor:/opt/ros/jazzy'}), 'shell': False}
[0.099707] (-) TimerEvent: {}
[0.201325] (-) TimerEvent: {}
[0.301735] (-) TimerEvent: {}
[0.402101] (-) TimerEvent: {}
[0.409706] (robot_pose_publisher) StdoutLine: {'line': b'[100%] Built target robot_pose_publisher\n'}
[0.410720] (ugv_base_node) StdoutLine: {'line': b'[ 50%] Built target base_node_ekf\n'}
[0.410992] (ugv_base_node) StdoutLine: {'line': b'[100%] Built target base_node\n'}
[0.411686] (robot_pose_publisher) CommandEnded: {'returncode': 0}
[0.412315] (robot_pose_publisher) JobProgress: {'identifier': 'robot_pose_publisher', 'progress': 'install'}
[0.428299] (robot_pose_publisher) Command: {'cmd': ['/usr/bin/cmake', '--install', '/home/nameless/ugv_ws_jazzy_port/build/robot_pose_publisher'], 'cwd': '/home/nameless/ugv_ws_jazzy_port/build/robot_pose_publisher', 'env': OrderedDict({'LESSOPEN': '| /usr/bin/lesspipe %s', 'USER': 'nameless', 'SSH_CLIENT': '192.168.0.79 44542 22', 'LC_TIME': 'C.UTF-8', 'XDG_SESSION_TYPE': 'tty', 'SHLVL': '1', 'LD_LIBRARY_PATH': '/opt/ros/jazzy/opt/rviz_ogre_vendor/lib:/opt/ros/jazzy/lib/aarch64-linux-gnu:/opt/ros/jazzy/opt/gz_math_vendor/lib:/opt/ros/jazzy/opt/gz_utils_vendor/lib:/opt/ros/jazzy/opt/gz_cmake_vendor/lib:/opt/ros/jazzy/lib', 'HOME': '/home/nameless', 'OLDPWD': '/home/nameless', 'SSH_TTY': '/dev/pts/0', 'ROS_PYTHON_VERSION': '3', 'LC_MONETARY': 'C.UTF-8', 'DBUS_SESSION_BUS_ADDRESS': 'unix:path=/run/user/1000/bus', 'ROS_DISTRO': 'jazzy', 'LOGNAME': 'nameless', '_': '/usr/bin/colcon', 'ROS_VERSION': '2', 'XDG_SESSION_CLASS': 'user', 'TERM': 'xterm-256color', 'XDG_SESSION_ID': '2', 'PATH': '/opt/ros/jazzy/bin:/usr/local/sbin:/usr/local/bin:/usr/sbin:/usr/bin:/sbin:/bin:/usr/games:/usr/local/games:/snap/bin', 'LC_ADDRESS': 'C.UTF-8', 'XDG_RUNTIME_DIR': '/run/user/1000', 'LANG': 'C.UTF-8', 'LC_TELEPHONE': 'C.UTF-8', 'LS_COLORS': 'rs=0:di=01;34:ln=01;36:mh=00:pi=40;33:so=01;35:do=01;35:bd=40;33;01:cd=40;33;01:or=40;31;01:mi=00:su=37;41:sg=30;43:ca=00:tw=30;42:ow=34;42:st=37;44:ex=01;32:*.tar=01;31:*.tgz=01;31:*.arc=01;31:*.arj=01;31:*.taz=01;31:*.lha=01;31:*.lz4=01;31:*.lzh=01;31:*.lzma=01;31:*.tlz=01;31:*.txz=01;31:*.tzo=01;31:*.t7z=01;31:*.zip=01;31:*.z=01;31:*.dz=01;31:*.gz=01;31:*.lrz=01;31:*.lz=01;31:*.lzo=01;31:*.xz=01;31:*.zst=01;31:*.tzst=01;31:*.bz2=01;31:*.bz=01;31:*.tbz=01;31:*.tbz2=01;31:*.tz=01;31:*.deb=01;31:*.rpm=01;31:*.jar=01;31:*.war=01;31:*.ear=01;31:*.sar=01;31:*.rar=01;31:*.alz=01;31:*.ace=01;31:*.zoo=01;31:*.cpio=01;31:*.7z=01;31:*.rz=01;31:*.cab=01;31:*.wim=01;31:*.swm=01;31:*.dwm=01;31:*.esd=01;31:*.avif=01;35:*.jpg=01;35:*.jpeg=01;35:*.mjpg=01;35:*.mjpeg=01;35:*.gif=01;35:*.bmp=01;35:*.pbm=01;35:*.pgm=01;35:*.ppm=01;35:*.tga=01;35:*.xbm=01;35:*.xpm=01;35:*.tif=01;35:*.tiff=01;35:*.png=01;35:*.svg=01;35:*.svgz=01;35:*.mng=01;35:*.pcx=01;35:*.mov=01;35:*.mpg=01;35:*.mpeg=01;35:*.m2v=01;35:*.mkv=01;35:*.webm=01;35:*.webp=01;35:*.ogm=01;35:*.mp4=01;35:*.m4v=01;35:*.mp4v=01;35:*.vob=01;35:*.qt=01;35:*.nuv=01;35:*.wmv=01;35:*.asf=01;35:*.rm=01;35:*.rmvb=01;35:*.flc=01;35:*.avi=01;35:*.fli=01;35:*.flv=01;35:*.gl=01;35:*.dl=01;35:*.xcf=01;35:*.xwd=01;35:*.yuv=01;35:*.cgm=01;35:*.emf=01;35:*.ogv=01;35:*.ogx=01;35:*.aac=00;36:*.au=00;36:*.flac=00;36:*.m4a=00;36:*.mid=00;36:*.midi=00;36:*.mka=00;36:*.mp3=00;36:*.mpc=00;36:*.ogg=00;36:*.ra=00;36:*.wav=00;36:*.oga=00;36:*.opus=00;36:*.spx=00;36:*.xspf=00;36:*~=00;90:*#=00;90:*.bak=00;90:*.crdownload=00;90:*.dpkg-dist=00;90:*.dpkg-new=00;90:*.dpkg-old=00;90:*.dpkg-tmp=00;90:*.old=00;90:*.orig=00;90:*.part=00;90:*.rej=00;90:*.rpmnew=00;90:*.rpmorig=00;90:*.rpmsave=00;90:*.swp=00;90:*.tmp=00;90:*.ucf-dist=00;90:*.ucf-new=00;90:*.ucf-old=00;90:', 'AMENT_PREFIX_PATH': '/opt/ros/jazzy', 'SHELL': '/bin/bash', 'LC_NAME': 'C.UTF-8', 'LESSCLOSE': '/usr/bin/lesspipe %s %s', 'LC_MEASUREMENT': 'C.UTF-8', 'LC_IDENTIFICATION': 'C.UTF-8', 'ROS_AUTOMATIC_DISCOVERY_RANGE': 'SUBNET', 'PWD': '/home/nameless/ugv_ws_jazzy_port/build/robot_pose_publisher', 'LC_ALL': 'C.UTF-8', 'SSH_CONNECTION': '192.168.0.79 44542 192.168.0.148 22', 'XDG_DATA_DIRS': '/usr/local/share:/usr/share:/var/lib/snapd/desktop', 'PYTHONPATH': '/opt/ros/jazzy/lib/python3.12/site-packages', 'LC_NUMERIC': 'C.UTF-8', 'LC_PAPER': 'C.UTF-8', 'COLCON': '1', 'CMAKE_PREFIX_PATH': '/opt/ros/jazzy/opt/gz_math_vendor:/opt/ros/jazzy/opt/gz_utils_vendor:/opt/ros/jazzy/opt/gz_cmake_vendor:/opt/ros/jazzy'}), 'shell': False}
[0.429300] (ugv_base_node) CommandEnded: {'returncode': 0}
[0.429981] (ugv_base_node) JobProgress: {'identifier': 'ugv_base_node', 'progress': 'install'}
[0.431153] (ugv_base_node) Command: {'cmd': ['/usr/bin/cmake', '--install', '/home/nameless/ugv_ws_jazzy_port/build/ugv_base_node'], 'cwd': '/home/nameless/ugv_ws_jazzy_port/build/ugv_base_node', 'env': OrderedDict({'LESSOPEN': '| /usr/bin/lesspipe %s', 'USER': 'nameless', 'SSH_CLIENT': '192.168.0.79 44542 22', 'LC_TIME': 'C.UTF-8', 'XDG_SESSION_TYPE': 'tty', 'SHLVL': '1', 'LD_LIBRARY_PATH': '/opt/ros/jazzy/opt/rviz_ogre_vendor/lib:/opt/ros/jazzy/lib/aarch64-linux-gnu:/opt/ros/jazzy/opt/gz_math_vendor/lib:/opt/ros/jazzy/opt/gz_utils_vendor/lib:/opt/ros/jazzy/opt/gz_cmake_vendor/lib:/opt/ros/jazzy/lib', 'HOME': '/home/nameless', 'OLDPWD': '/home/nameless', 'SSH_TTY': '/dev/pts/0', 'ROS_PYTHON_VERSION': '3', 'LC_MONETARY': 'C.UTF-8', 'DBUS_SESSION_BUS_ADDRESS': 'unix:path=/run/user/1000/bus', 'ROS_DISTRO': 'jazzy', 'LOGNAME': 'nameless', '_': '/usr/bin/colcon', 'ROS_VERSION': '2', 'XDG_SESSION_CLASS': 'user', 'TERM': 'xterm-256color', 'XDG_SESSION_ID': '2', 'PATH': '/opt/ros/jazzy/bin:/usr/local/sbin:/usr/local/bin:/usr/sbin:/usr/bin:/sbin:/bin:/usr/games:/usr/local/games:/snap/bin', 'LC_ADDRESS': 'C.UTF-8', 'XDG_RUNTIME_DIR': '/run/user/1000', 'LANG': 'C.UTF-8', 'LC_TELEPHONE': 'C.UTF-8', 'LS_COLORS': 'rs=0:di=01;34:ln=01;36:mh=00:pi=40;33:so=01;35:do=01;35:bd=40;33;01:cd=40;33;01:or=40;31;01:mi=00:su=37;41:sg=30;43:ca=00:tw=30;42:ow=34;42:st=37;44:ex=01;32:*.tar=01;31:*.tgz=01;31:*.arc=01;31:*.arj=01;31:*.taz=01;31:*.lha=01;31:*.lz4=01;31:*.lzh=01;31:*.lzma=01;31:*.tlz=01;31:*.txz=01;31:*.tzo=01;31:*.t7z=01;31:*.zip=01;31:*.z=01;31:*.dz=01;31:*.gz=01;31:*.lrz=01;31:*.lz=01;31:*.lzo=01;31:*.xz=01;31:*.zst=01;31:*.tzst=01;31:*.bz2=01;31:*.bz=01;31:*.tbz=01;31:*.tbz2=01;31:*.tz=01;31:*.deb=01;31:*.rpm=01;31:*.jar=01;31:*.war=01;31:*.ear=01;31:*.sar=01;31:*.rar=01;31:*.alz=01;31:*.ace=01;31:*.zoo=01;31:*.cpio=01;31:*.7z=01;31:*.rz=01;31:*.cab=01;31:*.wim=01;31:*.swm=01;31:*.dwm=01;31:*.esd=01;31:*.avif=01;35:*.jpg=01;35:*.jpeg=01;35:*.mjpg=01;35:*.mjpeg=01;35:*.gif=01;35:*.bmp=01;35:*.pbm=01;35:*.pgm=01;35:*.ppm=01;35:*.tga=01;35:*.xbm=01;35:*.xpm=01;35:*.tif=01;35:*.tiff=01;35:*.png=01;35:*.svg=01;35:*.svgz=01;35:*.mng=01;35:*.pcx=01;35:*.mov=01;35:*.mpg=01;35:*.mpeg=01;35:*.m2v=01;35:*.mkv=01;35:*.webm=01;35:*.webp=01;35:*.ogm=01;35:*.mp4=01;35:*.m4v=01;35:*.mp4v=01;35:*.vob=01;35:*.qt=01;35:*.nuv=01;35:*.wmv=01;35:*.asf=01;35:*.rm=01;35:*.rmvb=01;35:*.flc=01;35:*.avi=01;35:*.fli=01;35:*.flv=01;35:*.gl=01;35:*.dl=01;35:*.xcf=01;35:*.xwd=01;35:*.yuv=01;35:*.cgm=01;35:*.emf=01;35:*.ogv=01;35:*.ogx=01;35:*.aac=00;36:*.au=00;36:*.flac=00;36:*.m4a=00;36:*.mid=00;36:*.midi=00;36:*.mka=00;36:*.mp3=00;36:*.mpc=00;36:*.ogg=00;36:*.ra=00;36:*.wav=00;36:*.oga=00;36:*.opus=00;36:*.spx=00;36:*.xspf=00;36:*~=00;90:*#=00;90:*.bak=00;90:*.crdownload=00;90:*.dpkg-dist=00;90:*.dpkg-new=00;90:*.dpkg-old=00;90:*.dpkg-tmp=00;90:*.old=00;90:*.orig=00;90:*.part=00;90:*.rej=00;90:*.rpmnew=00;90:*.rpmorig=00;90:*.rpmsave=00;90:*.swp=00;90:*.tmp=00;90:*.ucf-dist=00;90:*.ucf-new=00;90:*.ucf-old=00;90:', 'AMENT_PREFIX_PATH': '/opt/ros/jazzy', 'SHELL': '/bin/bash', 'LC_NAME': 'C.UTF-8', 'LESSCLOSE': '/usr/bin/lesspipe %s %s', 'LC_MEASUREMENT': 'C.UTF-8', 'LC_IDENTIFICATION': 'C.UTF-8', 'ROS_AUTOMATIC_DISCOVERY_RANGE': 'SUBNET', 'PWD': '/home/nameless/ugv_ws_jazzy_port/build/ugv_base_node', 'LC_ALL': 'C.UTF-8', 'SSH_CONNECTION': '192.168.0.79 44542 192.168.0.148 22', 'XDG_DATA_DIRS': '/usr/local/share:/usr/share:/var/lib/snapd/desktop', 'PYTHONPATH': '/opt/ros/jazzy/lib/python3.12/site-packages', 'LC_NUMERIC': 'C.UTF-8', 'LC_PAPER': 'C.UTF-8', 'COLCON': '1', 'CMAKE_PREFIX_PATH': '/opt/ros/jazzy/opt/gz_math_vendor:/opt/ros/jazzy/opt/gz_utils_vendor:/opt/ros/jazzy/opt/gz_cmake_vendor:/opt/ros/jazzy'}), 'shell': False}
[0.434767] (ugv_interface) JobProgress: {'identifier': 'ugv_interface', 'progress': 'cmake'}
[0.435569] (ugv_interface) Command: {'cmd': ['/usr/bin/cmake', '/home/nameless/ugv_ws_jazzy_port/src/ugv_main/ugv_interface', '-DCMAKE_INSTALL_PREFIX=/home/nameless/ugv_ws_jazzy_port/install/ugv_interface'], 'cwd': '/home/nameless/ugv_ws_jazzy_port/build/ugv_interface', 'env': OrderedDict({'LESSOPEN': '| /usr/bin/lesspipe %s', 'USER': 'nameless', 'SSH_CLIENT': '192.168.0.79 44542 22', 'LC_TIME': 'C.UTF-8', 'XDG_SESSION_TYPE': 'tty', 'SHLVL': '1', 'LD_LIBRARY_PATH': '/opt/ros/jazzy/opt/rviz_ogre_vendor/lib:/opt/ros/jazzy/lib/aarch64-linux-gnu:/opt/ros/jazzy/opt/gz_math_vendor/lib:/opt/ros/jazzy/opt/gz_utils_vendor/lib:/opt/ros/jazzy/opt/gz_cmake_vendor/lib:/opt/ros/jazzy/lib', 'HOME': '/home/nameless', 'OLDPWD': '/home/nameless', 'SSH_TTY': '/dev/pts/0', 'ROS_PYTHON_VERSION': '3', 'LC_MONETARY': 'C.UTF-8', 'DBUS_SESSION_BUS_ADDRESS': 'unix:path=/run/user/1000/bus', 'ROS_DISTRO': 'jazzy', 'LOGNAME': 'nameless', '_': '/usr/bin/colcon', 'ROS_VERSION': '2', 'XDG_SESSION_CLASS': 'user', 'TERM': 'xterm-256color', 'XDG_SESSION_ID': '2', 'PATH': '/opt/ros/jazzy/bin:/usr/local/sbin:/usr/local/bin:/usr/sbin:/usr/bin:/sbin:/bin:/usr/games:/usr/local/games:/snap/bin', 'LC_ADDRESS': 'C.UTF-8', 'XDG_RUNTIME_DIR': '/run/user/1000', 'LANG': 'C.UTF-8', 'LC_TELEPHONE': 'C.UTF-8', 'LS_COLORS': 'rs=0:di=01;34:ln=01;36:mh=00:pi=40;33:so=01;35:do=01;35:bd=40;33;01:cd=40;33;01:or=40;31;01:mi=00:su=37;41:sg=30;43:ca=00:tw=30;42:ow=34;42:st=37;44:ex=01;32:*.tar=01;31:*.tgz=01;31:*.arc=01;31:*.arj=01;31:*.taz=01;31:*.lha=01;31:*.lz4=01;31:*.lzh=01;31:*.lzma=01;31:*.tlz=01;31:*.txz=01;31:*.tzo=01;31:*.t7z=01;31:*.zip=01;31:*.z=01;31:*.dz=01;31:*.gz=01;31:*.lrz=01;31:*.lz=01;31:*.lzo=01;31:*.xz=01;31:*.zst=01;31:*.tzst=01;31:*.bz2=01;31:*.bz=01;31:*.tbz=01;31:*.tbz2=01;31:*.tz=01;31:*.deb=01;31:*.rpm=01;31:*.jar=01;31:*.war=01;31:*.ear=01;31:*.sar=01;31:*.rar=01;31:*.alz=01;31:*.ace=01;31:*.zoo=01;31:*.cpio=01;31:*.7z=01;31:*.rz=01;31:*.cab=01;31:*.wim=01;31:*.swm=01;31:*.dwm=01;31:*.esd=01;31:*.avif=01;35:*.jpg=01;35:*.jpeg=01;35:*.mjpg=01;35:*.mjpeg=01;35:*.gif=01;35:*.bmp=01;35:*.pbm=01;35:*.pgm=01;35:*.ppm=01;35:*.tga=01;35:*.xbm=01;35:*.xpm=01;35:*.tif=01;35:*.tiff=01;35:*.png=01;35:*.svg=01;35:*.svgz=01;35:*.mng=01;35:*.pcx=01;35:*.mov=01;35:*.mpg=01;35:*.mpeg=01;35:*.m2v=01;35:*.mkv=01;35:*.webm=01;35:*.webp=01;35:*.ogm=01;35:*.mp4=01;35:*.m4v=01;35:*.mp4v=01;35:*.vob=01;35:*.qt=01;35:*.nuv=01;35:*.wmv=01;35:*.asf=01;35:*.rm=01;35:*.rmvb=01;35:*.flc=01;35:*.avi=01;35:*.fli=01;35:*.flv=01;35:*.gl=01;35:*.dl=01;35:*.xcf=01;35:*.xwd=01;35:*.yuv=01;35:*.cgm=01;35:*.emf=01;35:*.ogv=01;35:*.ogx=01;35:*.aac=00;36:*.au=00;36:*.flac=00;36:*.m4a=00;36:*.mid=00;36:*.midi=00;36:*.mka=00;36:*.mp3=00;36:*.mpc=00;36:*.ogg=00;36:*.ra=00;36:*.wav=00;36:*.oga=00;36:*.opus=00;36:*.spx=00;36:*.xspf=00;36:*~=00;90:*#=00;90:*.bak=00;90:*.crdownload=00;90:*.dpkg-dist=00;90:*.dpkg-new=00;90:*.dpkg-old=00;90:*.dpkg-tmp=00;90:*.old=00;90:*.orig=00;90:*.part=00;90:*.rej=00;90:*.rpmnew=00;90:*.rpmorig=00;90:*.rpmsave=00;90:*.swp=00;90:*.tmp=00;90:*.ucf-dist=00;90:*.ucf-new=00;90:*.ucf-old=00;90:', 'AMENT_PREFIX_PATH': '/opt/ros/jazzy', 'SHELL': '/bin/bash', 'LC_NAME': 'C.UTF-8', 'LESSCLOSE': '/usr/bin/lesspipe %s %s', 'LC_MEASUREMENT': 'C.UTF-8', 'LC_IDENTIFICATION': 'C.UTF-8', 'ROS_AUTOMATIC_DISCOVERY_RANGE': 'SUBNET', 'PWD': '/home/nameless/ugv_ws_jazzy_port/build/ugv_interface', 'LC_ALL': 'C.UTF-8', 'SSH_CONNECTION': '192.168.0.79 44542 192.168.0.148 22', 'XDG_DATA_DIRS': '/usr/local/share:/usr/share:/var/lib/snapd/desktop', 'PYTHONPATH': '/opt/ros/jazzy/lib/python3.12/site-packages', 'LC_NUMERIC': 'C.UTF-8', 'LC_PAPER': 'C.UTF-8', 'COLCON': '1', 'CMAKE_PREFIX_PATH': '/opt/ros/jazzy/opt/gz_math_vendor:/opt/ros/jazzy/opt/gz_utils_vendor:/opt/ros/jazzy/opt/gz_cmake_vendor:/opt/ros/jazzy'}), 'shell': False}
[0.444460] (robot_pose_publisher) StdoutLine: {'line': b'-- Install configuration: ""\n'}
[0.444875] (robot_pose_publisher) StdoutLine: {'line': b'-- Installing: /home/nameless/ugv_ws_jazzy_port/install/robot_pose_publisher/lib/robot_pose_publisher/robot_pose_publisher\n'}
[0.451296] (ugv_base_node) StdoutLine: {'line': b'-- Install configuration: ""\n'}
[0.451657] (ugv_base_node) StdoutLine: {'line': b'-- Installing: /home/nameless/ugv_ws_jazzy_port/install/ugv_base_node/lib/ugv_base_node/base_node\n'}
[0.453196] (robot_pose_publisher) StdoutLine: {'line': b'-- Set non-toolchain portion of runtime path of "/home/nameless/ugv_ws_jazzy_port/install/robot_pose_publisher/lib/robot_pose_publisher/robot_pose_publisher" to ""\n'}
[0.454105] (robot_pose_publisher) StdoutLine: {'line': b'-- Installing: /home/nameless/ugv_ws_jazzy_port/install/robot_pose_publisher/share/robot_pose_publisher/launch\n'}
[0.454270] (robot_pose_publisher) StdoutLine: {'line': b'-- Installing: /home/nameless/ugv_ws_jazzy_port/install/robot_pose_publisher/share/robot_pose_publisher/launch/robot_pose_publisher_launch.py\n'}
[0.455411] (robot_pose_publisher) StdoutLine: {'line': b'-- Installing: /home/nameless/ugv_ws_jazzy_port/install/robot_pose_publisher/share/ament_index/resource_index/package_run_dependencies/robot_pose_publisher\n'}
[0.455707] (robot_pose_publisher) StdoutLine: {'line': b'-- Installing: /home/nameless/ugv_ws_jazzy_port/install/robot_pose_publisher/share/ament_index/resource_index/parent_prefix_path/robot_pose_publisher\n'}
[0.455865] (robot_pose_publisher) StdoutLine: {'line': b'-- Installing: /home/nameless/ugv_ws_jazzy_port/install/robot_pose_publisher/share/robot_pose_publisher/environment/ament_prefix_path.sh\n'}
[0.456040] (robot_pose_publisher) StdoutLine: {'line': b'-- Installing: /home/nameless/ugv_ws_jazzy_port/install/robot_pose_publisher/share/robot_pose_publisher/environment/ament_prefix_path.dsv\n'}
[0.456205] (robot_pose_publisher) StdoutLine: {'line': b'-- Installing: /home/nameless/ugv_ws_jazzy_port/install/robot_pose_publisher/share/robot_pose_publisher/environment/path.sh\n'}
[0.456335] (robot_pose_publisher) StdoutLine: {'line': b'-- Installing: /home/nameless/ugv_ws_jazzy_port/install/robot_pose_publisher/share/robot_pose_publisher/environment/path.dsv\n'}
[0.456527] (robot_pose_publisher) StdoutLine: {'line': b'-- Installing: /home/nameless/ugv_ws_jazzy_port/install/robot_pose_publisher/share/robot_pose_publisher/local_setup.bash\n'}
[0.456739] (robot_pose_publisher) StdoutLine: {'line': b'-- Installing: /home/nameless/ugv_ws_jazzy_port/install/robot_pose_publisher/share/robot_pose_publisher/local_setup.sh\n'}
[0.456952] (robot_pose_publisher) StdoutLine: {'line': b'-- Installing: /home/nameless/ugv_ws_jazzy_port/install/robot_pose_publisher/share/robot_pose_publisher/local_setup.zsh\n'}
[0.458240] (robot_pose_publisher) StdoutLine: {'line': b'-- Installing: /home/nameless/ugv_ws_jazzy_port/install/robot_pose_publisher/share/robot_pose_publisher/local_setup.dsv\n'}
[0.458857] (robot_pose_publisher) StdoutLine: {'line': b'-- Installing: /home/nameless/ugv_ws_jazzy_port/install/robot_pose_publisher/share/robot_pose_publisher/package.dsv\n'}
[0.459539] (robot_pose_publisher) StdoutLine: {'line': b'-- Installing: /home/nameless/ugv_ws_jazzy_port/install/robot_pose_publisher/share/ament_index/resource_index/packages/robot_pose_publisher\n'}
[0.460213] (robot_pose_publisher) StdoutLine: {'line': b'-- Installing: /home/nameless/ugv_ws_jazzy_port/install/robot_pose_publisher/share/robot_pose_publisher/cmake/robot_pose_publisherConfig.cmake\n'}
[0.460982] (robot_pose_publisher) StdoutLine: {'line': b'-- Installing: /home/nameless/ugv_ws_jazzy_port/install/robot_pose_publisher/share/robot_pose_publisher/cmake/robot_pose_publisherConfig-version.cmake\n'}
[0.461175] (robot_pose_publisher) StdoutLine: {'line': b'-- Installing: /home/nameless/ugv_ws_jazzy_port/install/robot_pose_publisher/share/robot_pose_publisher/package.xml\n'}
[0.468076] (robot_pose_publisher) CommandEnded: {'returncode': 0}
[0.472065] (ugv_base_node) StdoutLine: {'line': b'-- Set non-toolchain portion of runtime path of "/home/nameless/ugv_ws_jazzy_port/install/ugv_base_node/lib/ugv_base_node/base_node" to ""\n'}
[0.472331] (ugv_base_node) StdoutLine: {'line': b'-- Installing: /home/nameless/ugv_ws_jazzy_port/install/ugv_base_node/lib/ugv_base_node/base_node_ekf\n'}
[0.499125] (ugv_base_node) StdoutLine: {'line': b'-- Set non-toolchain portion of runtime path of "/home/nameless/ugv_ws_jazzy_port/install/ugv_base_node/lib/ugv_base_node/base_node_ekf" to ""\n'}
[0.499880] (ugv_base_node) StdoutLine: {'line': b'-- Installing: /home/nameless/ugv_ws_jazzy_port/install/ugv_base_node/share/ament_index/resource_index/package_run_dependencies/ugv_base_node\n'}
[0.500085] (ugv_base_node) StdoutLine: {'line': b'-- Installing: /home/nameless/ugv_ws_jazzy_port/install/ugv_base_node/share/ament_index/resource_index/parent_prefix_path/ugv_base_node\n'}
[0.500188] (ugv_base_node) StdoutLine: {'line': b'-- Installing: /home/nameless/ugv_ws_jazzy_port/install/ugv_base_node/share/ugv_base_node/environment/ament_prefix_path.sh\n'}
[0.500331] (ugv_base_node) StdoutLine: {'line': b'-- Installing: /home/nameless/ugv_ws_jazzy_port/install/ugv_base_node/share/ugv_base_node/environment/ament_prefix_path.dsv\n'}
[0.500451] (ugv_base_node) StdoutLine: {'line': b'-- Installing: /home/nameless/ugv_ws_jazzy_port/install/ugv_base_node/share/ugv_base_node/environment/path.sh\n'}
[0.500538] (ugv_base_node) StdoutLine: {'line': b'-- Installing: /home/nameless/ugv_ws_jazzy_port/install/ugv_base_node/share/ugv_base_node/environment/path.dsv\n'}
[0.502153] (-) TimerEvent: {}
[0.502787] (ugv_base_node) StdoutLine: {'line': b'-- Installing: /home/nameless/ugv_ws_jazzy_port/install/ugv_base_node/share/ugv_base_node/local_setup.bash\n'}
[0.503005] (ugv_base_node) StdoutLine: {'line': b'-- Installing: /home/nameless/ugv_ws_jazzy_port/install/ugv_base_node/share/ugv_base_node/local_setup.sh\n'}
[0.503111] (ugv_base_node) StdoutLine: {'line': b'-- Installing: /home/nameless/ugv_ws_jazzy_port/install/ugv_base_node/share/ugv_base_node/local_setup.zsh\n'}
[0.503200] (ugv_base_node) StdoutLine: {'line': b'-- Installing: /home/nameless/ugv_ws_jazzy_port/install/ugv_base_node/share/ugv_base_node/local_setup.dsv\n'}
[0.503306] (ugv_base_node) StdoutLine: {'line': b'-- Installing: /home/nameless/ugv_ws_jazzy_port/install/ugv_base_node/share/ugv_base_node/package.dsv\n'}
[0.503396] (ugv_base_node) StdoutLine: {'line': b'-- Installing: /home/nameless/ugv_ws_jazzy_port/install/ugv_base_node/share/ament_index/resource_index/packages/ugv_base_node\n'}
[0.503482] (ugv_base_node) StdoutLine: {'line': b'-- Installing: /home/nameless/ugv_ws_jazzy_port/install/ugv_base_node/share/ugv_base_node/cmake/ugv_base_nodeConfig.cmake\n'}
[0.503570] (ugv_base_node) StdoutLine: {'line': b'-- Installing: /home/nameless/ugv_ws_jazzy_port/install/ugv_base_node/share/ugv_base_node/cmake/ugv_base_nodeConfig-version.cmake\n'}
[0.503666] (robot_pose_publisher) JobEnded: {'identifier': 'robot_pose_publisher', 'rc': 0}
[0.505409] (ugv_base_node) StdoutLine: {'line': b'-- Installing: /home/nameless/ugv_ws_jazzy_port/install/ugv_base_node/share/ugv_base_node/package.xml\n'}
[0.509339] (ugv_base_node) CommandEnded: {'returncode': 0}
[0.540102] (ugv_base_node) JobEnded: {'identifier': 'ugv_base_node', 'rc': 0}
[0.585585] (ugv_interface) StdoutLine: {'line': b'-- The C compiler identification is GNU 13.3.0\n'}
[0.602290] (-) TimerEvent: {}
[0.687880] (ugv_interface) StdoutLine: {'line': b'-- The CXX compiler identification is GNU 13.3.0\n'}
[0.702408] (-) TimerEvent: {}
[0.712716] (ugv_interface) StdoutLine: {'line': b'-- Detecting C compiler ABI info\n'}
[0.802532] (-) TimerEvent: {}
[0.872815] (ugv_interface) StdoutLine: {'line': b'-- Detecting C compiler ABI info - done\n'}
[0.889353] (ugv_interface) StdoutLine: {'line': b'-- Check for working C compiler: /usr/bin/cc - skipped\n'}
[0.889767] (ugv_interface) StdoutLine: {'line': b'-- Detecting C compile features\n'}
[0.890297] (ugv_interface) StdoutLine: {'line': b'-- Detecting C compile features - done\n'}
[0.902663] (-) TimerEvent: {}
[0.903437] (ugv_interface) StdoutLine: {'line': b'-- Detecting CXX compiler ABI info\n'}
[1.002773] (-) TimerEvent: {}
[1.084185] (ugv_interface) StdoutLine: {'line': b'-- Detecting CXX compiler ABI info - done\n'}
[1.100700] (ugv_interface) StdoutLine: {'line': b'-- Check for working CXX compiler: /usr/bin/c++ - skipped\n'}
[1.101242] (ugv_interface) StdoutLine: {'line': b'-- Detecting CXX compile features\n'}
[1.102062] (ugv_interface) StdoutLine: {'line': b'-- Detecting CXX compile features - done\n'}
[1.102842] (-) TimerEvent: {}
[1.105843] (ugv_interface) StdoutLine: {'line': b'-- Found ament_cmake: 2.5.6 (/opt/ros/jazzy/share/ament_cmake/cmake)\n'}
[1.202968] (-) TimerEvent: {}
[1.303324] (-) TimerEvent: {}
[1.332758] (ugv_interface) StdoutLine: {'line': b'-- Found Python3: /usr/bin/python3 (found version "3.12.3") found components: Interpreter \n'}
[1.403444] (-) TimerEvent: {}
[1.496761] (ugv_interface) StdoutLine: {'line': b'-- Found rosidl_default_generators: 1.6.0 (/opt/ros/jazzy/share/rosidl_default_generators/cmake)\n'}
[1.503531] (-) TimerEvent: {}
[1.506715] (ugv_interface) StdoutLine: {'line': b'-- Using all available rosidl_typesupport_c: rosidl_typesupport_fastrtps_c;rosidl_typesupport_introspection_c\n'}
[1.572334] (ugv_interface) StdoutLine: {'line': b'-- Using all available rosidl_typesupport_cpp: rosidl_typesupport_fastrtps_cpp;rosidl_typesupport_introspection_cpp\n'}
[1.603633] (-) TimerEvent: {}
[1.653768] (ugv_interface) StdoutLine: {'line': b'-- Found rosidl_adapter: 4.6.7 (/opt/ros/jazzy/share/rosidl_adapter/cmake)\n'}
[1.703788] (-) TimerEvent: {}
[1.794074] (ugv_bringup) Command: {'cmd': ['/usr/bin/python3', '-W', 'ignore:setup.py install is deprecated', '-W', 'ignore:easy_install command is deprecated', 'setup.py', 'egg_info', '--egg-base', '../../../build/ugv_bringup', 'build', '--build-base', '/home/nameless/ugv_ws_jazzy_port/build/ugv_bringup/build', 'install', '--record', '/home/nameless/ugv_ws_jazzy_port/build/ugv_bringup/install.log', '--single-version-externally-managed', 'install_data'], 'cwd': '/home/nameless/ugv_ws_jazzy_port/src/ugv_main/ugv_bringup', 'env': {'LESSOPEN': '| /usr/bin/lesspipe %s', 'USER': 'nameless', 'SSH_CLIENT': '192.168.0.79 44542 22', 'LC_TIME': 'C.UTF-8', 'XDG_SESSION_TYPE': 'tty', 'SHLVL': '1', 'LD_LIBRARY_PATH': '/opt/ros/jazzy/opt/rviz_ogre_vendor/lib:/opt/ros/jazzy/lib/aarch64-linux-gnu:/opt/ros/jazzy/opt/gz_math_vendor/lib:/opt/ros/jazzy/opt/gz_utils_vendor/lib:/opt/ros/jazzy/opt/gz_cmake_vendor/lib:/opt/ros/jazzy/lib', 'HOME': '/home/nameless', 'OLDPWD': '/home/nameless', 'SSH_TTY': '/dev/pts/0', 'ROS_PYTHON_VERSION': '3', 'LC_MONETARY': 'C.UTF-8', 'DBUS_SESSION_BUS_ADDRESS': 'unix:path=/run/user/1000/bus', 'ROS_DISTRO': 'jazzy', 'LOGNAME': 'nameless', '_': '/usr/bin/colcon', 'ROS_VERSION': '2', 'XDG_SESSION_CLASS': 'user', 'TERM': 'xterm-256color', 'XDG_SESSION_ID': '2', 'PATH': '/opt/ros/jazzy/bin:/usr/local/sbin:/usr/local/bin:/usr/sbin:/usr/bin:/sbin:/bin:/usr/games:/usr/local/games:/snap/bin', 'LC_ADDRESS': 'C.UTF-8', 'XDG_RUNTIME_DIR': '/run/user/1000', 'LANG': 'C.UTF-8', 'LC_TELEPHONE': 'C.UTF-8', 'LS_COLORS': 'rs=0:di=01;34:ln=01;36:mh=00:pi=40;33:so=01;35:do=01;35:bd=40;33;01:cd=40;33;01:or=40;31;01:mi=00:su=37;41:sg=30;43:ca=00:tw=30;42:ow=34;42:st=37;44:ex=01;32:*.tar=01;31:*.tgz=01;31:*.arc=01;31:*.arj=01;31:*.taz=01;31:*.lha=01;31:*.lz4=01;31:*.lzh=01;31:*.lzma=01;31:*.tlz=01;31:*.txz=01;31:*.tzo=01;31:*.t7z=01;31:*.zip=01;31:*.z=01;31:*.dz=01;31:*.gz=01;31:*.lrz=01;31:*.lz=01;31:*.lzo=01;31:*.xz=01;31:*.zst=01;31:*.tzst=01;31:*.bz2=01;31:*.bz=01;31:*.tbz=01;31:*.tbz2=01;31:*.tz=01;31:*.deb=01;31:*.rpm=01;31:*.jar=01;31:*.war=01;31:*.ear=01;31:*.sar=01;31:*.rar=01;31:*.alz=01;31:*.ace=01;31:*.zoo=01;31:*.cpio=01;31:*.7z=01;31:*.rz=01;31:*.cab=01;31:*.wim=01;31:*.swm=01;31:*.dwm=01;31:*.esd=01;31:*.avif=01;35:*.jpg=01;35:*.jpeg=01;35:*.mjpg=01;35:*.mjpeg=01;35:*.gif=01;35:*.bmp=01;35:*.pbm=01;35:*.pgm=01;35:*.ppm=01;35:*.tga=01;35:*.xbm=01;35:*.xpm=01;35:*.tif=01;35:*.tiff=01;35:*.png=01;35:*.svg=01;35:*.svgz=01;35:*.mng=01;35:*.pcx=01;35:*.mov=01;35:*.mpg=01;35:*.mpeg=01;35:*.m2v=01;35:*.mkv=01;35:*.webm=01;35:*.webp=01;35:*.ogm=01;35:*.mp4=01;35:*.m4v=01;35:*.mp4v=01;35:*.vob=01;35:*.qt=01;35:*.nuv=01;35:*.wmv=01;35:*.asf=01;35:*.rm=01;35:*.rmvb=01;35:*.flc=01;35:*.avi=01;35:*.fli=01;35:*.flv=01;35:*.gl=01;35:*.dl=01;35:*.xcf=01;35:*.xwd=01;35:*.yuv=01;35:*.cgm=01;35:*.emf=01;35:*.ogv=01;35:*.ogx=01;35:*.aac=00;36:*.au=00;36:*.flac=00;36:*.m4a=00;36:*.mid=00;36:*.midi=00;36:*.mka=00;36:*.mp3=00;36:*.mpc=00;36:*.ogg=00;36:*.ra=00;36:*.wav=00;36:*.oga=00;36:*.opus=00;36:*.spx=00;36:*.xspf=00;36:*~=00;90:*#=00;90:*.bak=00;90:*.crdownload=00;90:*.dpkg-dist=00;90:*.dpkg-new=00;90:*.dpkg-old=00;90:*.dpkg-tmp=00;90:*.old=00;90:*.orig=00;90:*.part=00;90:*.rej=00;90:*.rpmnew=00;90:*.rpmorig=00;90:*.rpmsave=00;90:*.swp=00;90:*.tmp=00;90:*.ucf-dist=00;90:*.ucf-new=00;90:*.ucf-old=00;90:', 'AMENT_PREFIX_PATH': '/opt/ros/jazzy', 'SHELL': '/bin/bash', 'LC_NAME': 'C.UTF-8', 'LESSCLOSE': '/usr/bin/lesspipe %s %s', 'LC_MEASUREMENT': 'C.UTF-8', 'LC_IDENTIFICATION': 'C.UTF-8', 'ROS_AUTOMATIC_DISCOVERY_RANGE': 'SUBNET', 'PWD': '/home/nameless/ugv_ws_jazzy_port/build/ugv_bringup', 'LC_ALL': 'C.UTF-8', 'SSH_CONNECTION': '192.168.0.79 44542 192.168.0.148 22', 'XDG_DATA_DIRS': '/usr/local/share:/usr/share:/var/lib/snapd/desktop', 'PYTHONPATH': '/home/nameless/ugv_ws_jazzy_port/build/ugv_bringup/prefix_override:/usr/lib/python3/dist-packages/colcon_core/task/python/colcon_distutils_commands:/home/nameless/ugv_ws_jazzy_port/install/ugv_bringup/lib/python3.12/site-packages:/opt/ros/jazzy/lib/python3.12/site-packages', 'LC_NUMERIC': 'C.UTF-8', 'LC_PAPER': 'C.UTF-8', 'COLCON': '1', 'CMAKE_PREFIX_PATH': '/opt/ros/jazzy/opt/gz_math_vendor:/opt/ros/jazzy/opt/gz_utils_vendor:/opt/ros/jazzy/opt/gz_cmake_vendor'}, 'shell': False}
[1.803865] (-) TimerEvent: {}
[1.904258] (-) TimerEvent: {}
[2.004658] (-) TimerEvent: {}
[2.104984] (-) TimerEvent: {}
[2.165131] (ugv_bringup) StdoutLine: {'line': b'running egg_info\n'}
[2.165791] (ugv_bringup) StdoutLine: {'line': b'creating ../../../build/ugv_bringup/ugv_bringup.egg-info\n'}
[2.189658] (ugv_bringup) StdoutLine: {'line': b'writing ../../../build/ugv_bringup/ugv_bringup.egg-info/PKG-INFO\n'}
[2.190418] (ugv_bringup) StdoutLine: {'line': b'writing dependency_links to ../../../build/ugv_bringup/ugv_bringup.egg-info/dependency_links.txt\n'}
[2.190594] (ugv_bringup) StdoutLine: {'line': b'writing entry points to ../../../build/ugv_bringup/ugv_bringup.egg-info/entry_points.txt\n'}
[2.191506] (ugv_bringup) StdoutLine: {'line': b'writing requirements to ../../../build/ugv_bringup/ugv_bringup.egg-info/requires.txt\n'}
[2.191667] (ugv_bringup) StdoutLine: {'line': b'writing top-level names to ../../../build/ugv_bringup/ugv_bringup.egg-info/top_level.txt\n'}
[2.191765] (ugv_bringup) StdoutLine: {'line': b"writing manifest file '../../../build/ugv_bringup/ugv_bringup.egg-info/SOURCES.txt'\n"}
[2.205068] (-) TimerEvent: {}
[2.243461] (ugv_bringup) StdoutLine: {'line': b"reading manifest file '../../../build/ugv_bringup/ugv_bringup.egg-info/SOURCES.txt'\n"}
[2.244321] (ugv_bringup) StdoutLine: {'line': b"writing manifest file '../../../build/ugv_bringup/ugv_bringup.egg-info/SOURCES.txt'\n"}
[2.244942] (ugv_bringup) StdoutLine: {'line': b'running build\n'}
[2.245236] (ugv_bringup) StdoutLine: {'line': b'running build_py\n'}
[2.245636] (ugv_bringup) StdoutLine: {'line': b'creating /home/nameless/ugv_ws_jazzy_port/build/ugv_bringup/build\n'}
[2.245897] (ugv_bringup) StdoutLine: {'line': b'creating /home/nameless/ugv_ws_jazzy_port/build/ugv_bringup/build/lib\n'}
[2.246060] (ugv_bringup) StdoutLine: {'line': b'creating /home/nameless/ugv_ws_jazzy_port/build/ugv_bringup/build/lib/ugv_bringup\n'}
[2.246168] (ugv_bringup) StdoutLine: {'line': b'copying ugv_bringup/ugv_bringup.py -> /home/nameless/ugv_ws_jazzy_port/build/ugv_bringup/build/lib/ugv_bringup\n'}
[2.246335] (ugv_bringup) StdoutLine: {'line': b'copying ugv_bringup/ugv_driver.py -> /home/nameless/ugv_ws_jazzy_port/build/ugv_bringup/build/lib/ugv_bringup\n'}
[2.246428] (ugv_bringup) StdoutLine: {'line': b'copying ugv_bringup/__init__.py -> /home/nameless/ugv_ws_jazzy_port/build/ugv_bringup/build/lib/ugv_bringup\n'}
[2.246642] (ugv_bringup) StdoutLine: {'line': b'running install\n'}
[2.257221] (ugv_bringup) StdoutLine: {'line': b'running install_lib\n'}
[2.282979] (ugv_bringup) StdoutLine: {'line': b'creating /home/nameless/ugv_ws_jazzy_port/install/ugv_bringup/lib/python3.12/site-packages/ugv_bringup\n'}
[2.283375] (ugv_bringup) StdoutLine: {'line': b'copying /home/nameless/ugv_ws_jazzy_port/build/ugv_bringup/build/lib/ugv_bringup/ugv_bringup.py -> /home/nameless/ugv_ws_jazzy_port/install/ugv_bringup/lib/python3.12/site-packages/ugv_bringup\n'}
[2.283626] (ugv_bringup) StdoutLine: {'line': b'copying /home/nameless/ugv_ws_jazzy_port/build/ugv_bringup/build/lib/ugv_bringup/ugv_driver.py -> /home/nameless/ugv_ws_jazzy_port/install/ugv_bringup/lib/python3.12/site-packages/ugv_bringup\n'}
[2.283813] (ugv_bringup) StdoutLine: {'line': b'copying /home/nameless/ugv_ws_jazzy_port/build/ugv_bringup/build/lib/ugv_bringup/__init__.py -> /home/nameless/ugv_ws_jazzy_port/install/ugv_bringup/lib/python3.12/site-packages/ugv_bringup\n'}
[2.284815] (ugv_bringup) StdoutLine: {'line': b'byte-compiling /home/nameless/ugv_ws_jazzy_port/install/ugv_bringup/lib/python3.12/site-packages/ugv_bringup/ugv_bringup.py to ugv_bringup.cpython-312.pyc\n'}
[2.288183] (ugv_bringup) StdoutLine: {'line': b'byte-compiling /home/nameless/ugv_ws_jazzy_port/install/ugv_bringup/lib/python3.12/site-packages/ugv_bringup/ugv_driver.py to ugv_driver.cpython-312.pyc\n'}
[2.289885] (ugv_bringup) StdoutLine: {'line': b'byte-compiling /home/nameless/ugv_ws_jazzy_port/install/ugv_bringup/lib/python3.12/site-packages/ugv_bringup/__init__.py to __init__.cpython-312.pyc\n'}
[2.290260] (ugv_bringup) StdoutLine: {'line': b'running install_data\n'}
[2.290466] (ugv_bringup) StdoutLine: {'line': b'creating /home/nameless/ugv_ws_jazzy_port/install/ugv_bringup/share/ament_index\n'}
[2.290642] (ugv_bringup) StdoutLine: {'line': b'creating /home/nameless/ugv_ws_jazzy_port/install/ugv_bringup/share/ament_index/resource_index\n'}
[2.290743] (ugv_bringup) StdoutLine: {'line': b'creating /home/nameless/ugv_ws_jazzy_port/install/ugv_bringup/share/ament_index/resource_index/packages\n'}
[2.290889] (ugv_bringup) StdoutLine: {'line': b'copying resource/ugv_bringup -> /home/nameless/ugv_ws_jazzy_port/install/ugv_bringup/share/ament_index/resource_index/packages\n'}
[2.291051] (ugv_bringup) StdoutLine: {'line': b'copying package.xml -> /home/nameless/ugv_ws_jazzy_port/install/ugv_bringup/share/ugv_bringup\n'}
[2.291189] (ugv_bringup) StdoutLine: {'line': b'creating /home/nameless/ugv_ws_jazzy_port/install/ugv_bringup/share/ugv_bringup/launch\n'}
[2.291342] (ugv_bringup) StdoutLine: {'line': b'copying launch/bringup_imu_ekf.launch.py -> /home/nameless/ugv_ws_jazzy_port/install/ugv_bringup/share/ugv_bringup/launch\n'}
[2.291491] (ugv_bringup) StdoutLine: {'line': b'copying launch/bringup_imu_origin.launch.py -> /home/nameless/ugv_ws_jazzy_port/install/ugv_bringup/share/ugv_bringup/launch\n'}
[2.291654] (ugv_bringup) StdoutLine: {'line': b'copying launch/bringup_lidar.launch.py -> /home/nameless/ugv_ws_jazzy_port/install/ugv_bringup/share/ugv_bringup/launch\n'}
[2.291807] (ugv_bringup) StdoutLine: {'line': b'creating /home/nameless/ugv_ws_jazzy_port/install/ugv_bringup/share/ugv_bringup/rviz\n'}
[2.291951] (ugv_bringup) StdoutLine: {'line': b'copying rviz/view_bringup.rviz -> /home/nameless/ugv_ws_jazzy_port/install/ugv_bringup/share/ugv_bringup/rviz\n'}
[2.292138] (ugv_bringup) StdoutLine: {'line': b'creating /home/nameless/ugv_ws_jazzy_port/install/ugv_bringup/share/ugv_bringup/param\n'}
[2.292275] (ugv_bringup) StdoutLine: {'line': b'copying param/imu_filter_param.yaml -> /home/nameless/ugv_ws_jazzy_port/install/ugv_bringup/share/ugv_bringup/param\n'}
[2.292407] (ugv_bringup) StdoutLine: {'line': b'copying param/ekf.yaml -> /home/nameless/ugv_ws_jazzy_port/install/ugv_bringup/share/ugv_bringup/param\n'}
[2.292580] (ugv_bringup) StdoutLine: {'line': b'running install_egg_info\n'}
[2.305163] (-) TimerEvent: {}
[2.320874] (ugv_bringup) StdoutLine: {'line': b'Copying ../../../build/ugv_bringup/ugv_bringup.egg-info to /home/nameless/ugv_ws_jazzy_port/install/ugv_bringup/lib/python3.12/site-packages/ugv_bringup-0.0.0-py3.12.egg-info\n'}
[2.322282] (ugv_bringup) StdoutLine: {'line': b'running install_scripts\n'}
[2.405289] (-) TimerEvent: {}
[2.505728] (-) TimerEvent: {}
[2.509411] (ugv_bringup) StdoutLine: {'line': b'Installing ugv_bringup script to /home/nameless/ugv_ws_jazzy_port/install/ugv_bringup/lib/ugv_bringup\n'}
[2.509835] (ugv_bringup) StdoutLine: {'line': b'Installing ugv_driver script to /home/nameless/ugv_ws_jazzy_port/install/ugv_bringup/lib/ugv_bringup\n'}
[2.510506] (ugv_bringup) StdoutLine: {'line': b"writing list of installed files to '/home/nameless/ugv_ws_jazzy_port/build/ugv_bringup/install.log'\n"}
[2.605852] (-) TimerEvent: {}
[2.607954] (ugv_bringup) CommandEnded: {'returncode': 0}
[2.618273] (ugv_bringup) JobEnded: {'identifier': 'ugv_bringup', 'rc': 0}
[2.705970] (-) TimerEvent: {}
[2.731188] (ugv_interface) StdoutLine: {'line': b'-- Found ament_cmake_ros: 0.12.0 (/opt/ros/jazzy/share/ament_cmake_ros/cmake)\n'}
[2.806091] (-) TimerEvent: {}
[2.906485] (-) TimerEvent: {}
[3.006943] (-) TimerEvent: {}
[3.107294] (-) TimerEvent: {}
[3.207651] (-) TimerEvent: {}
[3.308026] (-) TimerEvent: {}
[3.408473] (-) TimerEvent: {}
[3.412487] (ugv_interface) StdoutLine: {'line': b'-- Using all available rosidl_typesupport_c: rosidl_typesupport_fastrtps_c;rosidl_typesupport_introspection_c\n'}
[3.508588] (-) TimerEvent: {}
[3.608979] (-) TimerEvent: {}
[3.709348] (-) TimerEvent: {}
[3.809733] (-) TimerEvent: {}
[3.910093] (-) TimerEvent: {}
[4.010434] (-) TimerEvent: {}
[4.110801] (-) TimerEvent: {}
[4.211216] (-) TimerEvent: {}
[4.306089] (ugv_interface) StdoutLine: {'line': b'-- Using all available rosidl_typesupport_cpp: rosidl_typesupport_fastrtps_cpp;rosidl_typesupport_introspection_cpp\n'}
[4.311275] (-) TimerEvent: {}
[4.311638] (ugv_interface) StdoutLine: {'line': b'-- Found python_cmake_module: 0.11.1 (/opt/ros/jazzy/share/python_cmake_module/cmake)\n'}
[4.411397] (-) TimerEvent: {}
[4.511779] (-) TimerEvent: {}
[4.522153] (ugv_interface) StdoutLine: {'line': b'-- Found PythonExtra: /usr/bin/python3  \n'}
[4.611885] (-) TimerEvent: {}
[4.712229] (-) TimerEvent: {}
[4.812571] (-) TimerEvent: {}
[4.912930] (-) TimerEvent: {}
[5.013277] (-) TimerEvent: {}
[5.113635] (-) TimerEvent: {}
[5.213987] (-) TimerEvent: {}
[5.314341] (-) TimerEvent: {}
[5.414703] (-) TimerEvent: {}
[5.447290] (ugv_interface) StdoutLine: {'line': b'-- Found Python3: /usr/bin/python3 (found version "3.12.3") found components: Interpreter Development NumPy Development.Module Development.Embed \n'}
[5.514812] (-) TimerEvent: {}
[5.555624] (ugv_interface) StdoutLine: {'line': b'-- Found Python3: /usr/bin/python3 (found version "3.12.3") found components: Interpreter \n'}
[5.559759] (ugv_interface) StdoutLine: {'line': b'-- Found ament_lint_auto: 0.17.5 (/opt/ros/jazzy/share/ament_lint_auto/cmake)\n'}
[5.595532] (ugv_interface) StdoutLine: {'line': b"-- Added test 'copyright' to check source files copyright and LICENSE\n"}
[5.598332] (ugv_interface) StdoutLine: {'line': b"-- Added test 'lint_cmake' to check CMake code style\n"}
[5.599963] (ugv_interface) StdoutLine: {'line': b"-- Added test 'xmllint' to check XML markup files\n"}
[5.604517] (ugv_interface) StdoutLine: {'line': b'-- Configuring done (5.1s)\n'}
[5.614940] (-) TimerEvent: {}
[5.669856] (ugv_interface) StdoutLine: {'line': b'-- Generating done (0.1s)\n'}
[5.692633] (ugv_interface) StdoutLine: {'line': b'-- Build files have been written to: /home/nameless/ugv_ws_jazzy_port/build/ugv_interface\n'}
[5.714948] (-) TimerEvent: {}
[5.715255] (ugv_interface) CommandEnded: {'returncode': 0}
[5.715882] (ugv_interface) JobProgress: {'identifier': 'ugv_interface', 'progress': 'build'}
[5.717042] (ugv_interface) Command: {'cmd': ['/usr/bin/cmake', '--build', '/home/nameless/ugv_ws_jazzy_port/build/ugv_interface', '--', '-j4', '-l4'], 'cwd': '/home/nameless/ugv_ws_jazzy_port/build/ugv_interface', 'env': OrderedDict({'LESSOPEN': '| /usr/bin/lesspipe %s', 'USER': 'nameless', 'SSH_CLIENT': '192.168.0.79 44542 22', 'LC_TIME': 'C.UTF-8', 'XDG_SESSION_TYPE': 'tty', 'SHLVL': '1', 'LD_LIBRARY_PATH': '/opt/ros/jazzy/opt/rviz_ogre_vendor/lib:/opt/ros/jazzy/lib/aarch64-linux-gnu:/opt/ros/jazzy/opt/gz_math_vendor/lib:/opt/ros/jazzy/opt/gz_utils_vendor/lib:/opt/ros/jazzy/opt/gz_cmake_vendor/lib:/opt/ros/jazzy/lib', 'HOME': '/home/nameless', 'OLDPWD': '/home/nameless', 'SSH_TTY': '/dev/pts/0', 'ROS_PYTHON_VERSION': '3', 'LC_MONETARY': 'C.UTF-8', 'DBUS_SESSION_BUS_ADDRESS': 'unix:path=/run/user/1000/bus', 'ROS_DISTRO': 'jazzy', 'LOGNAME': 'nameless', '_': '/usr/bin/colcon', 'ROS_VERSION': '2', 'XDG_SESSION_CLASS': 'user', 'TERM': 'xterm-256color', 'XDG_SESSION_ID': '2', 'PATH': '/opt/ros/jazzy/bin:/usr/local/sbin:/usr/local/bin:/usr/sbin:/usr/bin:/sbin:/bin:/usr/games:/usr/local/games:/snap/bin', 'LC_ADDRESS': 'C.UTF-8', 'XDG_RUNTIME_DIR': '/run/user/1000', 'LANG': 'C.UTF-8', 'LC_TELEPHONE': 'C.UTF-8', 'LS_COLORS': 'rs=0:di=01;34:ln=01;36:mh=00:pi=40;33:so=01;35:do=01;35:bd=40;33;01:cd=40;33;01:or=40;31;01:mi=00:su=37;41:sg=30;43:ca=00:tw=30;42:ow=34;42:st=37;44:ex=01;32:*.tar=01;31:*.tgz=01;31:*.arc=01;31:*.arj=01;31:*.taz=01;31:*.lha=01;31:*.lz4=01;31:*.lzh=01;31:*.lzma=01;31:*.tlz=01;31:*.txz=01;31:*.tzo=01;31:*.t7z=01;31:*.zip=01;31:*.z=01;31:*.dz=01;31:*.gz=01;31:*.lrz=01;31:*.lz=01;31:*.lzo=01;31:*.xz=01;31:*.zst=01;31:*.tzst=01;31:*.bz2=01;31:*.bz=01;31:*.tbz=01;31:*.tbz2=01;31:*.tz=01;31:*.deb=01;31:*.rpm=01;31:*.jar=01;31:*.war=01;31:*.ear=01;31:*.sar=01;31:*.rar=01;31:*.alz=01;31:*.ace=01;31:*.zoo=01;31:*.cpio=01;31:*.7z=01;31:*.rz=01;31:*.cab=01;31:*.wim=01;31:*.swm=01;31:*.dwm=01;31:*.esd=01;31:*.avif=01;35:*.jpg=01;35:*.jpeg=01;35:*.mjpg=01;35:*.mjpeg=01;35:*.gif=01;35:*.bmp=01;35:*.pbm=01;35:*.pgm=01;35:*.ppm=01;35:*.tga=01;35:*.xbm=01;35:*.xpm=01;35:*.tif=01;35:*.tiff=01;35:*.png=01;35:*.svg=01;35:*.svgz=01;35:*.mng=01;35:*.pcx=01;35:*.mov=01;35:*.mpg=01;35:*.mpeg=01;35:*.m2v=01;35:*.mkv=01;35:*.webm=01;35:*.webp=01;35:*.ogm=01;35:*.mp4=01;35:*.m4v=01;35:*.mp4v=01;35:*.vob=01;35:*.qt=01;35:*.nuv=01;35:*.wmv=01;35:*.asf=01;35:*.rm=01;35:*.rmvb=01;35:*.flc=01;35:*.avi=01;35:*.fli=01;35:*.flv=01;35:*.gl=01;35:*.dl=01;35:*.xcf=01;35:*.xwd=01;35:*.yuv=01;35:*.cgm=01;35:*.emf=01;35:*.ogv=01;35:*.ogx=01;35:*.aac=00;36:*.au=00;36:*.flac=00;36:*.m4a=00;36:*.mid=00;36:*.midi=00;36:*.mka=00;36:*.mp3=00;36:*.mpc=00;36:*.ogg=00;36:*.ra=00;36:*.wav=00;36:*.oga=00;36:*.opus=00;36:*.spx=00;36:*.xspf=00;36:*~=00;90:*#=00;90:*.bak=00;90:*.crdownload=00;90:*.dpkg-dist=00;90:*.dpkg-new=00;90:*.dpkg-old=00;90:*.dpkg-tmp=00;90:*.old=00;90:*.orig=00;90:*.part=00;90:*.rej=00;90:*.rpmnew=00;90:*.rpmorig=00;90:*.rpmsave=00;90:*.swp=00;90:*.tmp=00;90:*.ucf-dist=00;90:*.ucf-new=00;90:*.ucf-old=00;90:', 'AMENT_PREFIX_PATH': '/opt/ros/jazzy', 'SHELL': '/bin/bash', 'LC_NAME': 'C.UTF-8', 'LESSCLOSE': '/usr/bin/lesspipe %s %s', 'LC_MEASUREMENT': 'C.UTF-8', 'LC_IDENTIFICATION': 'C.UTF-8', 'ROS_AUTOMATIC_DISCOVERY_RANGE': 'SUBNET', 'PWD': '/home/nameless/ugv_ws_jazzy_port/build/ugv_interface', 'LC_ALL': 'C.UTF-8', 'SSH_CONNECTION': '192.168.0.79 44542 192.168.0.148 22', 'XDG_DATA_DIRS': '/usr/local/share:/usr/share:/var/lib/snapd/desktop', 'PYTHONPATH': '/opt/ros/jazzy/lib/python3.12/site-packages', 'LC_NUMERIC': 'C.UTF-8', 'LC_PAPER': 'C.UTF-8', 'COLCON': '1', 'CMAKE_PREFIX_PATH': '/opt/ros/jazzy/opt/gz_math_vendor:/opt/ros/jazzy/opt/gz_utils_vendor:/opt/ros/jazzy/opt/gz_cmake_vendor:/opt/ros/jazzy'}), 'shell': False}
[5.808509] (ugv_interface) StdoutLine: {'line': b'[  2%] \x1b[34m\x1b[1mGenerating type hashes for ROS interfaces\x1b[0m\n'}
[5.808851] (ugv_interface) StdoutLine: {'line': b'[  4%] \x1b[34m\x1b[1mGenerating Rust code for ROS interfaces\x1b[0m\n'}
[5.816041] (-) TimerEvent: {}
[5.825384] (ugv_interface) StdoutLine: {'line': b'[  4%] Built target ament_cmake_python_copy_ugv_interface\n'}
[5.916175] (-) TimerEvent: {}
[6.018304] (-) TimerEvent: {}
[6.118799] (-) TimerEvent: {}
[6.158078] (ugv_interface) StdoutLine: {'line': b'running egg_info\n'}
[6.159107] (ugv_interface) StdoutLine: {'line': b'creating ugv_interface.egg-info\n'}
[6.190046] (ugv_interface) StdoutLine: {'line': b'writing ugv_interface.egg-info/PKG-INFO\n'}
[6.190907] (ugv_interface) StdoutLine: {'line': b'writing dependency_links to ugv_interface.egg-info/dependency_links.txt\n'}
[6.191699] (ugv_interface) StdoutLine: {'line': b'writing top-level names to ugv_interface.egg-info/top_level.txt\n'}
[6.192425] (ugv_interface) StdoutLine: {'line': b"writing manifest file 'ugv_interface.egg-info/SOURCES.txt'\n"}
[6.212774] (ugv_interface) StdoutLine: {'line': b'[  4%] Built target ugv_interface__rosidl_generator_type_description\n'}
[6.219210] (-) TimerEvent: {}
[6.242986] (ugv_interface) StdoutLine: {'line': b'[  6%] \x1b[34m\x1b[1mGenerating C code for ROS interfaces\x1b[0m\n'}
[6.266090] (ugv_interface) StdoutLine: {'line': b'[  8%] \x1b[34m\x1b[1mGenerating C++ code for ROS interfaces\x1b[0m\n'}
[6.301571] (ugv_interface) StdoutLine: {'line': b"reading manifest file 'ugv_interface.egg-info/SOURCES.txt'\n"}
[6.303099] (ugv_interface) StdoutLine: {'line': b"writing manifest file 'ugv_interface.egg-info/SOURCES.txt'\n"}
[6.319393] (-) TimerEvent: {}
[6.419071] (ugv_interface) StdoutLine: {'line': b'[  8%] Built target ament_cmake_python_build_ugv_interface_egg\n'}
[6.420458] (-) TimerEvent: {}
[6.422082] (ugv_interface) StdoutLine: {'line': b'[  8%] Built target ugv_interface__rs\n'}
[6.520570] (-) TimerEvent: {}
[6.620966] (-) TimerEvent: {}
[6.721321] (-) TimerEvent: {}
[6.821639] (-) TimerEvent: {}
[6.921964] (-) TimerEvent: {}
[7.022785] (-) TimerEvent: {}
[7.063844] (ugv_interface) StdoutLine: {'line': b'[  8%] Built target ugv_interface__cpp\n'}
[7.122904] (-) TimerEvent: {}
[7.167239] (ugv_interface) StdoutLine: {'line': b'[ 15%] \x1b[32mBuilding C object CMakeFiles/ugv_interface__rosidl_generator_c.dir/rosidl_generator_c/ugv_interface/srv/detail/map_save__functions.c.o\x1b[0m\n'}
[7.167620] (ugv_interface) StdoutLine: {'line': b'[ 15%] \x1b[32mBuilding C object CMakeFiles/ugv_interface__rosidl_generator_c.dir/rosidl_generator_c/ugv_interface/srv/detail/map_save__type_support.c.o\x1b[0m\n'}
[7.167854] (ugv_interface) StdoutLine: {'line': b'[ 17%] \x1b[32mBuilding C object CMakeFiles/ugv_interface__rosidl_generator_c.dir/rosidl_generator_c/ugv_interface/action/detail/behavior__description.c.o\x1b[0m\n'}
[7.168128] (ugv_interface) StdoutLine: {'line': b'[ 15%] \x1b[32mBuilding C object CMakeFiles/ugv_interface__rosidl_generator_c.dir/rosidl_generator_c/ugv_interface/srv/detail/map_save__description.c.o\x1b[0m\n'}
[7.223031] (-) TimerEvent: {}
[7.270637] (ugv_interface) StdoutLine: {'line': b'[ 20%] \x1b[32mBuilding C object CMakeFiles/ugv_interface__rosidl_generator_c.dir/rosidl_generator_c/ugv_interface/action/detail/behavior__functions.c.o\x1b[0m\n'}
[7.291045] (ugv_interface) StdoutLine: {'line': b'[ 22%] \x1b[32mBuilding C object CMakeFiles/ugv_interface__rosidl_generator_c.dir/rosidl_generator_c/ugv_interface/action/detail/behavior__type_support.c.o\x1b[0m\n'}
[7.323171] (-) TimerEvent: {}
[7.423826] (-) TimerEvent: {}
[7.524210] (-) TimerEvent: {}
[7.533410] (ugv_interface) StdoutLine: {'line': b'[ 24%] \x1b[32m\x1b[1mLinking C shared library libugv_interface__rosidl_generator_c.so\x1b[0m\n'}
[7.616669] (ugv_interface) StdoutLine: {'line': b'[ 24%] Built target ugv_interface__rosidl_generator_c\n'}
[7.624354] (-) TimerEvent: {}
[7.640836] (ugv_interface) StdoutLine: {'line': b'[ 28%] \x1b[34m\x1b[1mGenerating C introspection for ROS interfaces\x1b[0m\n'}
[7.641243] (ugv_interface) StdoutLine: {'line': b'[ 28%] \x1b[34m\x1b[1mGenerating C++ type support for eProsima Fast-RTPS\x1b[0m\n'}
[7.642690] (ugv_interface) StdoutLine: {'line': b'[ 33%] \x1b[34m\x1b[1mGenerating C type support for eProsima Fast-RTPS\x1b[0m\n'}
[7.643157] (ugv_interface) StdoutLine: {'line': b'[ 33%] \x1b[34m\x1b[1mGenerating C type support dispatch for ROS interfaces\x1b[0m\n'}
[7.727001] (-) TimerEvent: {}
[7.827543] (-) TimerEvent: {}
[7.927946] (-) TimerEvent: {}
[8.030988] (-) TimerEvent: {}
[8.131497] (-) TimerEvent: {}
[8.197086] (ugv_interface) StdoutLine: {'line': b'[ 35%] \x1b[32mBuilding CXX object CMakeFiles/ugv_interface__rosidl_typesupport_c.dir/rosidl_typesupport_c/ugv_interface/srv/map_save__type_support.cpp.o\x1b[0m\n'}
[8.231647] (-) TimerEvent: {}
[8.298743] (ugv_interface) StdoutLine: {'line': b'[ 37%] \x1b[32mBuilding CXX object CMakeFiles/ugv_interface__rosidl_typesupport_c.dir/rosidl_typesupport_c/ugv_interface/action/behavior__type_support.cpp.o\x1b[0m\n'}
[8.331767] (-) TimerEvent: {}
[8.387376] (ugv_interface) StdoutLine: {'line': b'[ 40%] \x1b[32mBuilding C object CMakeFiles/ugv_interface__rosidl_typesupport_introspection_c.dir/rosidl_typesupport_introspection_c/ugv_interface/srv/detail/map_save__type_support.c.o\x1b[0m\n'}
[8.423962] (ugv_interface) StdoutLine: {'line': b'[ 42%] \x1b[32m\x1b[1mLinking CXX shared library libugv_interface__rosidl_typesupport_c.so\x1b[0m\n'}
[8.431901] (-) TimerEvent: {}
[8.507082] (ugv_interface) StdoutLine: {'line': b'[ 44%] \x1b[32mBuilding C object CMakeFiles/ugv_interface__rosidl_typesupport_introspection_c.dir/rosidl_typesupport_introspection_c/ugv_interface/action/detail/behavior__type_support.c.o\x1b[0m\n'}
[8.525371] (ugv_interface) StdoutLine: {'line': b'[ 44%] Built target ugv_interface__rosidl_typesupport_c\n'}
[8.532015] (-) TimerEvent: {}
[8.547516] (ugv_interface) StdoutLine: {'line': b'[ 46%] \x1b[34m\x1b[1mGenerating C++ introspection for ROS interfaces\x1b[0m\n'}
[8.634069] (-) TimerEvent: {}
[8.647150] (ugv_interface) StdoutLine: {'line': b'[ 48%] \x1b[32mBuilding CXX object CMakeFiles/ugv_interface__rosidl_typesupport_fastrtps_cpp.dir/rosidl_typesupport_fastrtps_cpp/ugv_interface/srv/detail/dds_fastrtps/map_save__type_support.cpp.o\x1b[0m\n'}
[8.684374] (ugv_interface) StdoutLine: {'line': b'[ 51%] \x1b[32m\x1b[1mLinking C shared library libugv_interface__rosidl_typesupport_introspection_c.so\x1b[0m\n'}
[8.734266] (-) TimerEvent: {}
[8.735087] (ugv_interface) StdoutLine: {'line': b'[ 53%] \x1b[32mBuilding CXX object CMakeFiles/ugv_interface__rosidl_typesupport_fastrtps_c.dir/rosidl_typesupport_fastrtps_c/ugv_interface/srv/detail/map_save__type_support_c.cpp.o\x1b[0m\n'}
[8.766077] (ugv_interface) StdoutLine: {'line': b'[ 53%] Built target ugv_interface__rosidl_typesupport_introspection_c\n'}
[8.784988] (ugv_interface) StdoutLine: {'line': b'[ 55%] \x1b[32mBuilding CXX object CMakeFiles/ugv_interface__rosidl_typesupport_fastrtps_c.dir/rosidl_typesupport_fastrtps_c/ugv_interface/action/detail/behavior__type_support_c.cpp.o\x1b[0m\n'}
[8.834405] (-) TimerEvent: {}
[8.935157] (-) TimerEvent: {}
[9.037214] (-) TimerEvent: {}
[9.138078] (-) TimerEvent: {}
[9.241479] (-) TimerEvent: {}
[9.342460] (-) TimerEvent: {}
[9.380891] (ugv_interface) StdoutLine: {'line': b'[ 57%] \x1b[32mBuilding CXX object CMakeFiles/ugv_interface__rosidl_typesupport_introspection_cpp.dir/rosidl_typesupport_introspection_cpp/ugv_interface/srv/detail/map_save__type_support.cpp.o\x1b[0m\n'}
[9.444024] (-) TimerEvent: {}
[9.544684] (-) TimerEvent: {}
[9.645365] (-) TimerEvent: {}
[9.746056] (-) TimerEvent: {}
[9.801095] (ugv_interface) StdoutLine: {'line': b'[ 60%] \x1b[32mBuilding CXX object CMakeFiles/ugv_interface__rosidl_typesupport_introspection_cpp.dir/rosidl_typesupport_introspection_cpp/ugv_interface/action/detail/behavior__type_support.cpp.o\x1b[0m\n'}
[9.846211] (-) TimerEvent: {}
[9.946766] (-) TimerEvent: {}
[9.953322] (ugv_interface) StdoutLine: {'line': b'[ 62%] \x1b[32mBuilding CXX object CMakeFiles/ugv_interface__rosidl_typesupport_fastrtps_cpp.dir/rosidl_typesupport_fastrtps_cpp/ugv_interface/action/detail/dds_fastrtps/behavior__type_support.cpp.o\x1b[0m\n'}
[10.046907] (-) TimerEvent: {}
[10.054246] (ugv_interface) StdoutLine: {'line': b'[ 64%] \x1b[32m\x1b[1mLinking CXX shared library libugv_interface__rosidl_typesupport_fastrtps_c.so\x1b[0m\n'}
[10.147139] (-) TimerEvent: {}
[10.251281] (-) TimerEvent: {}
[10.268702] (ugv_interface) StdoutLine: {'line': b'[ 64%] Built target ugv_interface__rosidl_typesupport_fastrtps_c\n'}
[10.293226] (ugv_interface) StdoutLine: {'line': b'[ 66%] \x1b[34m\x1b[1mGenerating C++ type support dispatch for ROS interfaces\x1b[0m\n'}
[10.352259] (-) TimerEvent: {}
[10.452831] (-) TimerEvent: {}
[10.553499] (-) TimerEvent: {}
[10.653964] (-) TimerEvent: {}
[10.754536] (-) TimerEvent: {}
[10.854986] (-) TimerEvent: {}
[10.876948] (ugv_interface) StdoutLine: {'line': b'[ 71%] \x1b[32mBuilding CXX object CMakeFiles/ugv_interface__rosidl_typesupport_cpp.dir/rosidl_typesupport_cpp/ugv_interface/action/behavior__type_support.cpp.o\x1b[0m\n'}
[10.879734] (ugv_interface) StdoutLine: {'line': b'[ 71%] \x1b[32mBuilding CXX object CMakeFiles/ugv_interface__rosidl_typesupport_cpp.dir/rosidl_typesupport_cpp/ugv_interface/srv/map_save__type_support.cpp.o\x1b[0m\n'}
[10.955132] (-) TimerEvent: {}
[11.055651] (-) TimerEvent: {}
[11.156176] (-) TimerEvent: {}
[11.260040] (-) TimerEvent: {}
[11.360543] (-) TimerEvent: {}
[11.399271] (ugv_interface) StdoutLine: {'line': b'[ 73%] \x1b[32m\x1b[1mLinking CXX shared library libugv_interface__rosidl_typesupport_introspection_cpp.so\x1b[0m\n'}
[11.460726] (-) TimerEvent: {}
[11.561599] (-) TimerEvent: {}
[11.627864] (ugv_interface) StdoutLine: {'line': b'[ 73%] Built target ugv_interface__rosidl_typesupport_introspection_cpp\n'}
[11.661736] (-) TimerEvent: {}
[11.762424] (-) TimerEvent: {}
[11.862889] (-) TimerEvent: {}
[11.963333] (-) TimerEvent: {}
[12.042771] (ugv_interface) StdoutLine: {'line': b'[ 75%] \x1b[32m\x1b[1mLinking CXX shared library libugv_interface__rosidl_typesupport_fastrtps_cpp.so\x1b[0m\n'}
[12.063460] (-) TimerEvent: {}
[12.163955] (-) TimerEvent: {}
[12.227011] (ugv_interface) StdoutLine: {'line': b'[ 75%] Built target ugv_interface__rosidl_typesupport_fastrtps_cpp\n'}
[12.264066] (-) TimerEvent: {}
[12.272039] (ugv_interface) StdoutLine: {'line': b'[ 77%] \x1b[32m\x1b[1mLinking CXX shared library libugv_interface__rosidl_typesupport_cpp.so\x1b[0m\n'}
[12.364181] (-) TimerEvent: {}
[12.429484] (ugv_interface) StdoutLine: {'line': b'[ 77%] Built target ugv_interface__rosidl_typesupport_cpp\n'}
[12.464310] (-) TimerEvent: {}
[12.465879] (ugv_interface) StdoutLine: {'line': b'[ 77%] Built target ugv_interface\n'}
[12.502090] (ugv_interface) StdoutLine: {'line': b'[ 80%] \x1b[34m\x1b[1mGenerating Python code for ROS interfaces\x1b[0m\n'}
[12.564418] (-) TimerEvent: {}
[12.664799] (-) TimerEvent: {}
[12.765117] (-) TimerEvent: {}
[12.865414] (-) TimerEvent: {}
[12.965733] (-) TimerEvent: {}
[13.066063] (-) TimerEvent: {}
[13.166363] (-) TimerEvent: {}
[13.266666] (-) TimerEvent: {}
[13.366987] (-) TimerEvent: {}
[13.467285] (-) TimerEvent: {}
[13.568164] (-) TimerEvent: {}
[13.610538] (ugv_interface) StdoutLine: {'line': b'[ 80%] Built target ugv_interface__py\n'}
[13.647465] (ugv_interface) StdoutLine: {'line': b'[ 84%] \x1b[32mBuilding C object CMakeFiles/ugv_interface__rosidl_generator_py.dir/rosidl_generator_py/ugv_interface/srv/_map_save_s.c.o\x1b[0m\n'}
[13.649466] (ugv_interface) StdoutLine: {'line': b'[ 84%] \x1b[32mBuilding C object CMakeFiles/ugv_interface__rosidl_generator_py.dir/rosidl_generator_py/ugv_interface/action/_behavior_s.c.o\x1b[0m\n'}
[13.668276] (-) TimerEvent: {}
[13.768666] (-) TimerEvent: {}
[13.869298] (-) TimerEvent: {}
[13.970368] (-) TimerEvent: {}
[14.034233] (ugv_interface) StdoutLine: {'line': b'[ 86%] \x1b[32m\x1b[1mLinking C shared library libugv_interface__rosidl_generator_py.so\x1b[0m\n'}
[14.070485] (-) TimerEvent: {}
[14.130406] (ugv_interface) StdoutLine: {'line': b'[ 86%] Built target ugv_interface__rosidl_generator_py\n'}
[14.170233] (ugv_interface) StdoutLine: {'line': b'[ 93%] \x1b[32mBuilding C object CMakeFiles/ugv_interface_s__rosidl_typesupport_introspection_c.dir/rosidl_generator_py/ugv_interface/_ugv_interface_s.ep.rosidl_typesupport_introspection_c.c.o\x1b[0m\n'}
[14.170619] (-) TimerEvent: {}
[14.171102] (ugv_interface) StdoutLine: {'line': b'[ 93%] \x1b[32mBuilding C object CMakeFiles/ugv_interface_s__rosidl_typesupport_fastrtps_c.dir/rosidl_generator_py/ugv_interface/_ugv_interface_s.ep.rosidl_typesupport_fastrtps_c.c.o\x1b[0m\n'}
[14.171356] (ugv_interface) StdoutLine: {'line': b'[ 93%] \x1b[32mBuilding C object CMakeFiles/ugv_interface_s__rosidl_typesupport_c.dir/rosidl_generator_py/ugv_interface/_ugv_interface_s.ep.rosidl_typesupport_c.c.o\x1b[0m\n'}
[14.270758] (-) TimerEvent: {}
[14.371419] (-) TimerEvent: {}
[14.422350] (ugv_interface) StdoutLine: {'line': b'[ 95%] \x1b[32m\x1b[1mLinking C shared module rosidl_generator_py/ugv_interface/ugv_interface_s__rosidl_typesupport_c.so\x1b[0m\n'}
[14.424051] (ugv_interface) StdoutLine: {'line': b'[ 97%] \x1b[32m\x1b[1mLinking C shared module rosidl_generator_py/ugv_interface/ugv_interface_s__rosidl_typesupport_introspection_c.so\x1b[0m\n'}
[14.428977] (ugv_interface) StdoutLine: {'line': b'[100%] \x1b[32m\x1b[1mLinking C shared module rosidl_generator_py/ugv_interface/ugv_interface_s__rosidl_typesupport_fastrtps_c.so\x1b[0m\n'}
[14.471551] (-) TimerEvent: {}
[14.485507] (ugv_interface) StdoutLine: {'line': b'[100%] Built target ugv_interface_s__rosidl_typesupport_introspection_c\n'}
[14.487248] (ugv_interface) StdoutLine: {'line': b'[100%] Built target ugv_interface_s__rosidl_typesupport_c\n'}
[14.495723] (ugv_interface) StdoutLine: {'line': b'[100%] Built target ugv_interface_s__rosidl_typesupport_fastrtps_c\n'}
[14.517290] (ugv_interface) CommandEnded: {'returncode': 0}
[14.518209] (ugv_interface) JobProgress: {'identifier': 'ugv_interface', 'progress': 'install'}
[14.519376] (ugv_interface) Command: {'cmd': ['/usr/bin/cmake', '--install', '/home/nameless/ugv_ws_jazzy_port/build/ugv_interface'], 'cwd': '/home/nameless/ugv_ws_jazzy_port/build/ugv_interface', 'env': OrderedDict({'LESSOPEN': '| /usr/bin/lesspipe %s', 'USER': 'nameless', 'SSH_CLIENT': '192.168.0.79 44542 22', 'LC_TIME': 'C.UTF-8', 'XDG_SESSION_TYPE': 'tty', 'SHLVL': '1', 'LD_LIBRARY_PATH': '/opt/ros/jazzy/opt/rviz_ogre_vendor/lib:/opt/ros/jazzy/lib/aarch64-linux-gnu:/opt/ros/jazzy/opt/gz_math_vendor/lib:/opt/ros/jazzy/opt/gz_utils_vendor/lib:/opt/ros/jazzy/opt/gz_cmake_vendor/lib:/opt/ros/jazzy/lib', 'HOME': '/home/nameless', 'OLDPWD': '/home/nameless', 'SSH_TTY': '/dev/pts/0', 'ROS_PYTHON_VERSION': '3', 'LC_MONETARY': 'C.UTF-8', 'DBUS_SESSION_BUS_ADDRESS': 'unix:path=/run/user/1000/bus', 'ROS_DISTRO': 'jazzy', 'LOGNAME': 'nameless', '_': '/usr/bin/colcon', 'ROS_VERSION': '2', 'XDG_SESSION_CLASS': 'user', 'TERM': 'xterm-256color', 'XDG_SESSION_ID': '2', 'PATH': '/opt/ros/jazzy/bin:/usr/local/sbin:/usr/local/bin:/usr/sbin:/usr/bin:/sbin:/bin:/usr/games:/usr/local/games:/snap/bin', 'LC_ADDRESS': 'C.UTF-8', 'XDG_RUNTIME_DIR': '/run/user/1000', 'LANG': 'C.UTF-8', 'LC_TELEPHONE': 'C.UTF-8', 'LS_COLORS': 'rs=0:di=01;34:ln=01;36:mh=00:pi=40;33:so=01;35:do=01;35:bd=40;33;01:cd=40;33;01:or=40;31;01:mi=00:su=37;41:sg=30;43:ca=00:tw=30;42:ow=34;42:st=37;44:ex=01;32:*.tar=01;31:*.tgz=01;31:*.arc=01;31:*.arj=01;31:*.taz=01;31:*.lha=01;31:*.lz4=01;31:*.lzh=01;31:*.lzma=01;31:*.tlz=01;31:*.txz=01;31:*.tzo=01;31:*.t7z=01;31:*.zip=01;31:*.z=01;31:*.dz=01;31:*.gz=01;31:*.lrz=01;31:*.lz=01;31:*.lzo=01;31:*.xz=01;31:*.zst=01;31:*.tzst=01;31:*.bz2=01;31:*.bz=01;31:*.tbz=01;31:*.tbz2=01;31:*.tz=01;31:*.deb=01;31:*.rpm=01;31:*.jar=01;31:*.war=01;31:*.ear=01;31:*.sar=01;31:*.rar=01;31:*.alz=01;31:*.ace=01;31:*.zoo=01;31:*.cpio=01;31:*.7z=01;31:*.rz=01;31:*.cab=01;31:*.wim=01;31:*.swm=01;31:*.dwm=01;31:*.esd=01;31:*.avif=01;35:*.jpg=01;35:*.jpeg=01;35:*.mjpg=01;35:*.mjpeg=01;35:*.gif=01;35:*.bmp=01;35:*.pbm=01;35:*.pgm=01;35:*.ppm=01;35:*.tga=01;35:*.xbm=01;35:*.xpm=01;35:*.tif=01;35:*.tiff=01;35:*.png=01;35:*.svg=01;35:*.svgz=01;35:*.mng=01;35:*.pcx=01;35:*.mov=01;35:*.mpg=01;35:*.mpeg=01;35:*.m2v=01;35:*.mkv=01;35:*.webm=01;35:*.webp=01;35:*.ogm=01;35:*.mp4=01;35:*.m4v=01;35:*.mp4v=01;35:*.vob=01;35:*.qt=01;35:*.nuv=01;35:*.wmv=01;35:*.asf=01;35:*.rm=01;35:*.rmvb=01;35:*.flc=01;35:*.avi=01;35:*.fli=01;35:*.flv=01;35:*.gl=01;35:*.dl=01;35:*.xcf=01;35:*.xwd=01;35:*.yuv=01;35:*.cgm=01;35:*.emf=01;35:*.ogv=01;35:*.ogx=01;35:*.aac=00;36:*.au=00;36:*.flac=00;36:*.m4a=00;36:*.mid=00;36:*.midi=00;36:*.mka=00;36:*.mp3=00;36:*.mpc=00;36:*.ogg=00;36:*.ra=00;36:*.wav=00;36:*.oga=00;36:*.opus=00;36:*.spx=00;36:*.xspf=00;36:*~=00;90:*#=00;90:*.bak=00;90:*.crdownload=00;90:*.dpkg-dist=00;90:*.dpkg-new=00;90:*.dpkg-old=00;90:*.dpkg-tmp=00;90:*.old=00;90:*.orig=00;90:*.part=00;90:*.rej=00;90:*.rpmnew=00;90:*.rpmorig=00;90:*.rpmsave=00;90:*.swp=00;90:*.tmp=00;90:*.ucf-dist=00;90:*.ucf-new=00;90:*.ucf-old=00;90:', 'AMENT_PREFIX_PATH': '/opt/ros/jazzy', 'SHELL': '/bin/bash', 'LC_NAME': 'C.UTF-8', 'LESSCLOSE': '/usr/bin/lesspipe %s %s', 'LC_MEASUREMENT': 'C.UTF-8', 'LC_IDENTIFICATION': 'C.UTF-8', 'ROS_AUTOMATIC_DISCOVERY_RANGE': 'SUBNET', 'PWD': '/home/nameless/ugv_ws_jazzy_port/build/ugv_interface', 'LC_ALL': 'C.UTF-8', 'SSH_CONNECTION': '192.168.0.79 44542 192.168.0.148 22', 'XDG_DATA_DIRS': '/usr/local/share:/usr/share:/var/lib/snapd/desktop', 'PYTHONPATH': '/opt/ros/jazzy/lib/python3.12/site-packages', 'LC_NUMERIC': 'C.UTF-8', 'LC_PAPER': 'C.UTF-8', 'COLCON': '1', 'CMAKE_PREFIX_PATH': '/opt/ros/jazzy/opt/gz_math_vendor:/opt/ros/jazzy/opt/gz_utils_vendor:/opt/ros/jazzy/opt/gz_cmake_vendor:/opt/ros/jazzy'}), 'shell': False}
[14.534069] (ugv_interface) StdoutLine: {'line': b'-- Install configuration: ""\n'}
[14.534436] (ugv_interface) StdoutLine: {'line': b'-- Installing: /home/nameless/ugv_ws_jazzy_port/install/ugv_interface/share/ament_index/resource_index/rosidl_interfaces/ugv_interface\n'}
[14.534790] (ugv_interface) StdoutLine: {'line': b'-- Installing: /home/nameless/ugv_ws_jazzy_port/install/ugv_interface/share/ugv_interface/srv/MapSave.json\n'}
[14.535080] (ugv_interface) StdoutLine: {'line': b'-- Installing: /home/nameless/ugv_ws_jazzy_port/install/ugv_interface/share/ugv_interface/action/Behavior.json\n'}
[14.535299] (ugv_interface) StdoutLine: {'line': b'-- Installing: /home/nameless/ugv_ws_jazzy_port/install/ugv_interface/include/ugv_interface/ugv_interface\n'}
[14.535502] (ugv_interface) StdoutLine: {'line': b'-- Installing: /home/nameless/ugv_ws_jazzy_port/install/ugv_interface/include/ugv_interface/ugv_interface/msg\n'}
[14.535622] (ugv_interface) StdoutLine: {'line': b'-- Installing: /home/nameless/ugv_ws_jazzy_port/install/ugv_interface/include/ugv_interface/ugv_interface/msg/rosidl_generator_c__visibility_control.h\n'}
[14.535771] (ugv_interface) StdoutLine: {'line': b'-- Installing: /home/nameless/ugv_ws_jazzy_port/install/ugv_interface/include/ugv_interface/ugv_interface/srv\n'}
[14.535908] (ugv_interface) StdoutLine: {'line': b'-- Installing: /home/nameless/ugv_ws_jazzy_port/install/ugv_interface/include/ugv_interface/ugv_interface/srv/detail\n'}
[14.536045] (ugv_interface) StdoutLine: {'line': b'-- Installing: /home/nameless/ugv_ws_jazzy_port/install/ugv_interface/include/ugv_interface/ugv_interface/srv/detail/map_save__struct.h\n'}
[14.536162] (ugv_interface) StdoutLine: {'line': b'-- Installing: /home/nameless/ugv_ws_jazzy_port/install/ugv_interface/include/ugv_interface/ugv_interface/srv/detail/map_save__functions.h\n'}
[14.536362] (ugv_interface) StdoutLine: {'line': b'-- Installing: /home/nameless/ugv_ws_jazzy_port/install/ugv_interface/include/ugv_interface/ugv_interface/srv/detail/map_save__description.c\n'}
[14.536558] (ugv_interface) StdoutLine: {'line': b'-- Installing: /home/nameless/ugv_ws_jazzy_port/install/ugv_interface/include/ugv_interface/ugv_interface/srv/detail/map_save__functions.c\n'}
[14.536730] (ugv_interface) StdoutLine: {'line': b'-- Installing: /home/nameless/ugv_ws_jazzy_port/install/ugv_interface/include/ugv_interface/ugv_interface/srv/detail/map_save__type_support.c\n'}
[14.536886] (ugv_interface) StdoutLine: {'line': b'-- Installing: /home/nameless/ugv_ws_jazzy_port/install/ugv_interface/include/ugv_interface/ugv_interface/srv/detail/map_save__type_support.h\n'}
[14.537035] (ugv_interface) StdoutLine: {'line': b'-- Installing: /home/nameless/ugv_ws_jazzy_port/install/ugv_interface/include/ugv_interface/ugv_interface/srv/map_save.h\n'}
[14.537160] (ugv_interface) StdoutLine: {'line': b'-- Installing: /home/nameless/ugv_ws_jazzy_port/install/ugv_interface/include/ugv_interface/ugv_interface/action\n'}
[14.537284] (ugv_interface) StdoutLine: {'line': b'-- Installing: /home/nameless/ugv_ws_jazzy_port/install/ugv_interface/include/ugv_interface/ugv_interface/action/behavior.h\n'}
[14.537437] (ugv_interface) StdoutLine: {'line': b'-- Installing: /home/nameless/ugv_ws_jazzy_port/install/ugv_interface/include/ugv_interface/ugv_interface/action/detail\n'}
[14.537581] (ugv_interface) StdoutLine: {'line': b'-- Installing: /home/nameless/ugv_ws_jazzy_port/install/ugv_interface/include/ugv_interface/ugv_interface/action/detail/behavior__type_support.c\n'}
[14.537709] (ugv_interface) StdoutLine: {'line': b'-- Installing: /home/nameless/ugv_ws_jazzy_port/install/ugv_interface/include/ugv_interface/ugv_interface/action/detail/behavior__functions.c\n'}
[14.538291] (ugv_interface) StdoutLine: {'line': b'-- Installing: /home/nameless/ugv_ws_jazzy_port/install/ugv_interface/include/ugv_interface/ugv_interface/action/detail/behavior__struct.h\n'}
[14.538436] (ugv_interface) StdoutLine: {'line': b'-- Installing: /home/nameless/ugv_ws_jazzy_port/install/ugv_interface/include/ugv_interface/ugv_interface/action/detail/behavior__description.c\n'}
[14.538672] (ugv_interface) StdoutLine: {'line': b'-- Installing: /home/nameless/ugv_ws_jazzy_port/install/ugv_interface/include/ugv_interface/ugv_interface/action/detail/behavior__functions.h\n'}
[14.538957] (ugv_interface) StdoutLine: {'line': b'-- Installing: /home/nameless/ugv_ws_jazzy_port/install/ugv_interface/include/ugv_interface/ugv_interface/action/detail/behavior__type_support.h\n'}
[14.539236] (ugv_interface) StdoutLine: {'line': b'-- Installing: /home/nameless/ugv_ws_jazzy_port/install/ugv_interface/share/ugv_interface/environment/library_path.sh\n'}
[14.539411] (ugv_interface) StdoutLine: {'line': b'-- Installing: /home/nameless/ugv_ws_jazzy_port/install/ugv_interface/share/ugv_interface/environment/library_path.dsv\n'}
[14.539653] (ugv_interface) StdoutLine: {'line': b'-- Installing: /home/nameless/ugv_ws_jazzy_port/install/ugv_interface/lib/libugv_interface__rosidl_generator_c.so\n'}
[14.540499] (ugv_interface) StdoutLine: {'line': b'-- Set non-toolchain portion of runtime path of "/home/nameless/ugv_ws_jazzy_port/install/ugv_interface/lib/libugv_interface__rosidl_generator_c.so" to ""\n'}
[14.540656] (ugv_interface) StdoutLine: {'line': b'-- Up-to-date: /home/nameless/ugv_ws_jazzy_port/install/ugv_interface/include/ugv_interface/ugv_interface\n'}
[14.540764] (ugv_interface) StdoutLine: {'line': b'-- Up-to-date: /home/nameless/ugv_ws_jazzy_port/install/ugv_interface/include/ugv_interface/ugv_interface/msg\n'}
[14.540871] (ugv_interface) StdoutLine: {'line': b'-- Installing: /home/nameless/ugv_ws_jazzy_port/install/ugv_interface/include/ugv_interface/ugv_interface/msg/rosidl_typesupport_fastrtps_c__visibility_control.h\n'}
[14.540967] (ugv_interface) StdoutLine: {'line': b'-- Up-to-date: /home/nameless/ugv_ws_jazzy_port/install/ugv_interface/include/ugv_interface/ugv_interface/srv\n'}
[14.543001] (ugv_interface) StdoutLine: {'line': b'-- Up-to-date: /home/nameless/ugv_ws_jazzy_port/install/ugv_interface/include/ugv_interface/ugv_interface/srv/detail\n'}
[14.543130] (ugv_interface) StdoutLine: {'line': b'-- Installing: /home/nameless/ugv_ws_jazzy_port/install/ugv_interface/include/ugv_interface/ugv_interface/srv/detail/map_save__rosidl_typesupport_fastrtps_c.h\n'}
[14.543217] (ugv_interface) StdoutLine: {'line': b'-- Up-to-date: /home/nameless/ugv_ws_jazzy_port/install/ugv_interface/include/ugv_interface/ugv_interface/action\n'}
[14.543314] (ugv_interface) StdoutLine: {'line': b'-- Up-to-date: /home/nameless/ugv_ws_jazzy_port/install/ugv_interface/include/ugv_interface/ugv_interface/action/detail\n'}
[14.543398] (ugv_interface) StdoutLine: {'line': b'-- Installing: /home/nameless/ugv_ws_jazzy_port/install/ugv_interface/include/ugv_interface/ugv_interface/action/detail/behavior__rosidl_typesupport_fastrtps_c.h\n'}
[14.543482] (ugv_interface) StdoutLine: {'line': b'-- Installing: /home/nameless/ugv_ws_jazzy_port/install/ugv_interface/lib/libugv_interface__rosidl_typesupport_fastrtps_c.so\n'}
[14.543564] (ugv_interface) StdoutLine: {'line': b'-- Set non-toolchain portion of runtime path of "/home/nameless/ugv_ws_jazzy_port/install/ugv_interface/lib/libugv_interface__rosidl_typesupport_fastrtps_c.so" to ""\n'}
[14.543645] (ugv_interface) StdoutLine: {'line': b'-- Up-to-date: /home/nameless/ugv_ws_jazzy_port/install/ugv_interface/include/ugv_interface/ugv_interface\n'}
[14.543725] (ugv_interface) StdoutLine: {'line': b'-- Up-to-date: /home/nameless/ugv_ws_jazzy_port/install/ugv_interface/include/ugv_interface/ugv_interface/msg\n'}
[14.543803] (ugv_interface) StdoutLine: {'line': b'-- Installing: /home/nameless/ugv_ws_jazzy_port/install/ugv_interface/include/ugv_interface/ugv_interface/msg/rosidl_typesupport_introspection_c__visibility_control.h\n'}
[14.543882] (ugv_interface) StdoutLine: {'line': b'-- Up-to-date: /home/nameless/ugv_ws_jazzy_port/install/ugv_interface/include/ugv_interface/ugv_interface/srv\n'}
[14.544014] (ugv_interface) StdoutLine: {'line': b'-- Up-to-date: /home/nameless/ugv_ws_jazzy_port/install/ugv_interface/include/ugv_interface/ugv_interface/srv/detail\n'}
[14.544104] (ugv_interface) StdoutLine: {'line': b'-- Installing: /home/nameless/ugv_ws_jazzy_port/install/ugv_interface/include/ugv_interface/ugv_interface/srv/detail/map_save__rosidl_typesupport_introspection_c.h\n'}
[14.544185] (ugv_interface) StdoutLine: {'line': b'-- Installing: /home/nameless/ugv_ws_jazzy_port/install/ugv_interface/include/ugv_interface/ugv_interface/srv/detail/map_save__type_support.c\n'}
[14.544265] (ugv_interface) StdoutLine: {'line': b'-- Up-to-date: /home/nameless/ugv_ws_jazzy_port/install/ugv_interface/include/ugv_interface/ugv_interface/action\n'}
[14.544353] (ugv_interface) StdoutLine: {'line': b'-- Up-to-date: /home/nameless/ugv_ws_jazzy_port/install/ugv_interface/include/ugv_interface/ugv_interface/action/detail\n'}
[14.544441] (ugv_interface) StdoutLine: {'line': b'-- Installing: /home/nameless/ugv_ws_jazzy_port/install/ugv_interface/include/ugv_interface/ugv_interface/action/detail/behavior__type_support.c\n'}
[14.544523] (ugv_interface) StdoutLine: {'line': b'-- Installing: /home/nameless/ugv_ws_jazzy_port/install/ugv_interface/include/ugv_interface/ugv_interface/action/detail/behavior__rosidl_typesupport_introspection_c.h\n'}
[14.544618] (ugv_interface) StdoutLine: {'line': b'-- Installing: /home/nameless/ugv_ws_jazzy_port/install/ugv_interface/lib/libugv_interface__rosidl_typesupport_introspection_c.so\n'}
[14.544738] (ugv_interface) StdoutLine: {'line': b'-- Set non-toolchain portion of runtime path of "/home/nameless/ugv_ws_jazzy_port/install/ugv_interface/lib/libugv_interface__rosidl_typesupport_introspection_c.so" to ""\n'}
[14.544880] (ugv_interface) StdoutLine: {'line': b'-- Installing: /home/nameless/ugv_ws_jazzy_port/install/ugv_interface/lib/libugv_interface__rosidl_typesupport_c.so\n'}
[14.545060] (ugv_interface) StdoutLine: {'line': b'-- Set non-toolchain portion of runtime path of "/home/nameless/ugv_ws_jazzy_port/install/ugv_interface/lib/libugv_interface__rosidl_typesupport_c.so" to ""\n'}
[14.545198] (ugv_interface) StdoutLine: {'line': b'-- Up-to-date: /home/nameless/ugv_ws_jazzy_port/install/ugv_interface/include/ugv_interface/ugv_interface\n'}
[14.545324] (ugv_interface) StdoutLine: {'line': b'-- Up-to-date: /home/nameless/ugv_ws_jazzy_port/install/ugv_interface/include/ugv_interface/ugv_interface/msg\n'}
[14.545439] (ugv_interface) StdoutLine: {'line': b'-- Installing: /home/nameless/ugv_ws_jazzy_port/install/ugv_interface/include/ugv_interface/ugv_interface/msg/rosidl_generator_cpp__visibility_control.hpp\n'}
[14.545544] (ugv_interface) StdoutLine: {'line': b'-- Up-to-date: /home/nameless/ugv_ws_jazzy_port/install/ugv_interface/include/ugv_interface/ugv_interface/srv\n'}
[14.545627] (ugv_interface) StdoutLine: {'line': b'-- Up-to-date: /home/nameless/ugv_ws_jazzy_port/install/ugv_interface/include/ugv_interface/ugv_interface/srv/detail\n'}
[14.545714] (ugv_interface) StdoutLine: {'line': b'-- Installing: /home/nameless/ugv_ws_jazzy_port/install/ugv_interface/include/ugv_interface/ugv_interface/srv/detail/map_save__builder.hpp\n'}
[14.545827] (ugv_interface) StdoutLine: {'line': b'-- Installing: /home/nameless/ugv_ws_jazzy_port/install/ugv_interface/include/ugv_interface/ugv_interface/srv/detail/map_save__type_support.hpp\n'}
[14.545920] (ugv_interface) StdoutLine: {'line': b'-- Installing: /home/nameless/ugv_ws_jazzy_port/install/ugv_interface/include/ugv_interface/ugv_interface/srv/detail/map_save__struct.hpp\n'}
[14.546034] (ugv_interface) StdoutLine: {'line': b'-- Installing: /home/nameless/ugv_ws_jazzy_port/install/ugv_interface/include/ugv_interface/ugv_interface/srv/detail/map_save__traits.hpp\n'}
[14.546135] (ugv_interface) StdoutLine: {'line': b'-- Installing: /home/nameless/ugv_ws_jazzy_port/install/ugv_interface/include/ugv_interface/ugv_interface/srv/map_save.hpp\n'}
[14.546255] (ugv_interface) StdoutLine: {'line': b'-- Up-to-date: /home/nameless/ugv_ws_jazzy_port/install/ugv_interface/include/ugv_interface/ugv_interface/action\n'}
[14.546344] (ugv_interface) StdoutLine: {'line': b'-- Installing: /home/nameless/ugv_ws_jazzy_port/install/ugv_interface/include/ugv_interface/ugv_interface/action/behavior.hpp\n'}
[14.546467] (ugv_interface) StdoutLine: {'line': b'-- Up-to-date: /home/nameless/ugv_ws_jazzy_port/install/ugv_interface/include/ugv_interface/ugv_interface/action/detail\n'}
[14.546549] (ugv_interface) StdoutLine: {'line': b'-- Installing: /home/nameless/ugv_ws_jazzy_port/install/ugv_interface/include/ugv_interface/ugv_interface/action/detail/behavior__struct.hpp\n'}
[14.546658] (ugv_interface) StdoutLine: {'line': b'-- Installing: /home/nameless/ugv_ws_jazzy_port/install/ugv_interface/include/ugv_interface/ugv_interface/action/detail/behavior__traits.hpp\n'}
[14.546786] (ugv_interface) StdoutLine: {'line': b'-- Installing: /home/nameless/ugv_ws_jazzy_port/install/ugv_interface/include/ugv_interface/ugv_interface/action/detail/behavior__type_support.hpp\n'}
[14.546918] (ugv_interface) StdoutLine: {'line': b'-- Installing: /home/nameless/ugv_ws_jazzy_port/install/ugv_interface/include/ugv_interface/ugv_interface/action/detail/behavior__builder.hpp\n'}
[14.547120] (ugv_interface) StdoutLine: {'line': b'-- Up-to-date: /home/nameless/ugv_ws_jazzy_port/install/ugv_interface/include/ugv_interface/ugv_interface\n'}
[14.547266] (ugv_interface) StdoutLine: {'line': b'-- Up-to-date: /home/nameless/ugv_ws_jazzy_port/install/ugv_interface/include/ugv_interface/ugv_interface/msg\n'}
[14.547353] (ugv_interface) StdoutLine: {'line': b'-- Installing: /home/nameless/ugv_ws_jazzy_port/install/ugv_interface/include/ugv_interface/ugv_interface/msg/rosidl_typesupport_fastrtps_cpp__visibility_control.h\n'}
[14.547474] (ugv_interface) StdoutLine: {'line': b'-- Up-to-date: /home/nameless/ugv_ws_jazzy_port/install/ugv_interface/include/ugv_interface/ugv_interface/srv\n'}
[14.547562] (ugv_interface) StdoutLine: {'line': b'-- Up-to-date: /home/nameless/ugv_ws_jazzy_port/install/ugv_interface/include/ugv_interface/ugv_interface/srv/detail\n'}
[14.547649] (ugv_interface) StdoutLine: {'line': b'-- Installing: /home/nameless/ugv_ws_jazzy_port/install/ugv_interface/include/ugv_interface/ugv_interface/srv/detail/dds_fastrtps\n'}
[14.547775] (ugv_interface) StdoutLine: {'line': b'-- Installing: /home/nameless/ugv_ws_jazzy_port/install/ugv_interface/include/ugv_interface/ugv_interface/srv/detail/map_save__rosidl_typesupport_fastrtps_cpp.hpp\n'}
[14.547877] (ugv_interface) StdoutLine: {'line': b'-- Up-to-date: /home/nameless/ugv_ws_jazzy_port/install/ugv_interface/include/ugv_interface/ugv_interface/action\n'}
[14.547974] (ugv_interface) StdoutLine: {'line': b'-- Up-to-date: /home/nameless/ugv_ws_jazzy_port/install/ugv_interface/include/ugv_interface/ugv_interface/action/detail\n'}
[14.548093] (ugv_interface) StdoutLine: {'line': b'-- Installing: /home/nameless/ugv_ws_jazzy_port/install/ugv_interface/include/ugv_interface/ugv_interface/action/detail/behavior__rosidl_typesupport_fastrtps_cpp.hpp\n'}
[14.548196] (ugv_interface) StdoutLine: {'line': b'-- Installing: /home/nameless/ugv_ws_jazzy_port/install/ugv_interface/include/ugv_interface/ugv_interface/action/detail/dds_fastrtps\n'}
[14.548312] (ugv_interface) StdoutLine: {'line': b'-- Installing: /home/nameless/ugv_ws_jazzy_port/install/ugv_interface/lib/libugv_interface__rosidl_typesupport_fastrtps_cpp.so\n'}
[14.549514] (ugv_interface) StdoutLine: {'line': b'-- Set non-toolchain portion of runtime path of "/home/nameless/ugv_ws_jazzy_port/install/ugv_interface/lib/libugv_interface__rosidl_typesupport_fastrtps_cpp.so" to ""\n'}
[14.549669] (ugv_interface) StdoutLine: {'line': b'-- Up-to-date: /home/nameless/ugv_ws_jazzy_port/install/ugv_interface/include/ugv_interface/ugv_interface\n'}
[14.549790] (ugv_interface) StdoutLine: {'line': b'-- Up-to-date: /home/nameless/ugv_ws_jazzy_port/install/ugv_interface/include/ugv_interface/ugv_interface/srv\n'}
[14.549872] (ugv_interface) StdoutLine: {'line': b'-- Up-to-date: /home/nameless/ugv_ws_jazzy_port/install/ugv_interface/include/ugv_interface/ugv_interface/srv/detail\n'}
[14.549991] (ugv_interface) StdoutLine: {'line': b'-- Installing: /home/nameless/ugv_ws_jazzy_port/install/ugv_interface/include/ugv_interface/ugv_interface/srv/detail/map_save__rosidl_typesupport_introspection_cpp.hpp\n'}
[14.550083] (ugv_interface) StdoutLine: {'line': b'-- Installing: /home/nameless/ugv_ws_jazzy_port/install/ugv_interface/include/ugv_interface/ugv_interface/srv/detail/map_save__type_support.cpp\n'}
[14.550206] (ugv_interface) StdoutLine: {'line': b'-- Up-to-date: /home/nameless/ugv_ws_jazzy_port/install/ugv_interface/include/ugv_interface/ugv_interface/action\n'}
[14.550306] (ugv_interface) StdoutLine: {'line': b'-- Up-to-date: /home/nameless/ugv_ws_jazzy_port/install/ugv_interface/include/ugv_interface/ugv_interface/action/detail\n'}
[14.550389] (ugv_interface) StdoutLine: {'line': b'-- Installing: /home/nameless/ugv_ws_jazzy_port/install/ugv_interface/include/ugv_interface/ugv_interface/action/detail/behavior__rosidl_typesupport_introspection_cpp.hpp\n'}
[14.550482] (ugv_interface) StdoutLine: {'line': b'-- Installing: /home/nameless/ugv_ws_jazzy_port/install/ugv_interface/include/ugv_interface/ugv_interface/action/detail/behavior__type_support.cpp\n'}
[14.550608] (ugv_interface) StdoutLine: {'line': b'-- Installing: /home/nameless/ugv_ws_jazzy_port/install/ugv_interface/lib/libugv_interface__rosidl_typesupport_introspection_cpp.so\n'}
[14.551796] (ugv_interface) StdoutLine: {'line': b'-- Set non-toolchain portion of runtime path of "/home/nameless/ugv_ws_jazzy_port/install/ugv_interface/lib/libugv_interface__rosidl_typesupport_introspection_cpp.so" to ""\n'}
[14.551929] (ugv_interface) StdoutLine: {'line': b'-- Installing: /home/nameless/ugv_ws_jazzy_port/install/ugv_interface/lib/libugv_interface__rosidl_typesupport_cpp.so\n'}
[14.552877] (ugv_interface) StdoutLine: {'line': b'-- Set non-toolchain portion of runtime path of "/home/nameless/ugv_ws_jazzy_port/install/ugv_interface/lib/libugv_interface__rosidl_typesupport_cpp.so" to ""\n'}
[14.553030] (ugv_interface) StdoutLine: {'line': b'-- Installing: /home/nameless/ugv_ws_jazzy_port/install/ugv_interface/share/ugv_interface/environment/pythonpath.sh\n'}
[14.553141] (ugv_interface) StdoutLine: {'line': b'-- Installing: /home/nameless/ugv_ws_jazzy_port/install/ugv_interface/share/ugv_interface/environment/pythonpath.dsv\n'}
[14.553296] (ugv_interface) StdoutLine: {'line': b'-- Installing: /home/nameless/ugv_ws_jazzy_port/install/ugv_interface/lib/python3.12/site-packages/ugv_interface-0.0.0-py3.12.egg-info\n'}
[14.553485] (ugv_interface) StdoutLine: {'line': b'-- Installing: /home/nameless/ugv_ws_jazzy_port/install/ugv_interface/lib/python3.12/site-packages/ugv_interface-0.0.0-py3.12.egg-info/dependency_links.txt\n'}
[14.553617] (ugv_interface) StdoutLine: {'line': b'-- Installing: /home/nameless/ugv_ws_jazzy_port/install/ugv_interface/lib/python3.12/site-packages/ugv_interface-0.0.0-py3.12.egg-info/SOURCES.txt\n'}
[14.553738] (ugv_interface) StdoutLine: {'line': b'-- Installing: /home/nameless/ugv_ws_jazzy_port/install/ugv_interface/lib/python3.12/site-packages/ugv_interface-0.0.0-py3.12.egg-info/top_level.txt\n'}
[14.553860] (ugv_interface) StdoutLine: {'line': b'-- Installing: /home/nameless/ugv_ws_jazzy_port/install/ugv_interface/lib/python3.12/site-packages/ugv_interface-0.0.0-py3.12.egg-info/PKG-INFO\n'}
[14.554071] (ugv_interface) StdoutLine: {'line': b'-- Installing: /home/nameless/ugv_ws_jazzy_port/install/ugv_interface/lib/python3.12/site-packages/ugv_interface\n'}
[14.554185] (ugv_interface) StdoutLine: {'line': b'-- Installing: /home/nameless/ugv_ws_jazzy_port/install/ugv_interface/lib/python3.12/site-packages/ugv_interface/ugv_interface_s__rosidl_typesupport_introspection_c.so\n'}
[14.554469] (ugv_interface) StdoutLine: {'line': b'-- Installing: /home/nameless/ugv_ws_jazzy_port/install/ugv_interface/lib/python3.12/site-packages/ugv_interface/srv\n'}
[14.554593] (ugv_interface) StdoutLine: {'line': b'-- Installing: /home/nameless/ugv_ws_jazzy_port/install/ugv_interface/lib/python3.12/site-packages/ugv_interface/srv/__init__.py\n'}
[14.554703] (ugv_interface) StdoutLine: {'line': b'-- Installing: /home/nameless/ugv_ws_jazzy_port/install/ugv_interface/lib/python3.12/site-packages/ugv_interface/srv/_map_save.py\n'}
[14.554855] (ugv_interface) StdoutLine: {'line': b'-- Installing: /home/nameless/ugv_ws_jazzy_port/install/ugv_interface/lib/python3.12/site-packages/ugv_interface/srv/_map_save_s.c\n'}
[14.555008] (ugv_interface) StdoutLine: {'line': b'-- Installing: /home/nameless/ugv_ws_jazzy_port/install/ugv_interface/lib/python3.12/site-packages/ugv_interface/__init__.py\n'}
[14.555126] (ugv_interface) StdoutLine: {'line': b'-- Installing: /home/nameless/ugv_ws_jazzy_port/install/ugv_interface/lib/python3.12/site-packages/ugv_interface/_ugv_interface_s.ep.rosidl_typesupport_fastrtps_c.c\n'}
[14.555361] (ugv_interface) StdoutLine: {'line': b'-- Installing: /home/nameless/ugv_ws_jazzy_port/install/ugv_interface/lib/python3.12/site-packages/ugv_interface/action\n'}
[14.555481] (ugv_interface) StdoutLine: {'line': b'-- Installing: /home/nameless/ugv_ws_jazzy_port/install/ugv_interface/lib/python3.12/site-packages/ugv_interface/action/_behavior_s.c\n'}
[14.555656] (ugv_interface) StdoutLine: {'line': b'-- Installing: /home/nameless/ugv_ws_jazzy_port/install/ugv_interface/lib/python3.12/site-packages/ugv_interface/action/_behavior.py\n'}
[14.555882] (ugv_interface) StdoutLine: {'line': b'-- Installing: /home/nameless/ugv_ws_jazzy_port/install/ugv_interface/lib/python3.12/site-packages/ugv_interface/action/__init__.py\n'}
[14.556025] (ugv_interface) StdoutLine: {'line': b'-- Installing: /home/nameless/ugv_ws_jazzy_port/install/ugv_interface/lib/python3.12/site-packages/ugv_interface/_ugv_interface_s.ep.rosidl_typesupport_introspection_c.c\n'}
[14.556267] (ugv_interface) StdoutLine: {'line': b'-- Installing: /home/nameless/ugv_ws_jazzy_port/install/ugv_interface/lib/python3.12/site-packages/ugv_interface/ugv_interface_s__rosidl_typesupport_fastrtps_c.so\n'}
[14.556548] (ugv_interface) StdoutLine: {'line': b'-- Installing: /home/nameless/ugv_ws_jazzy_port/install/ugv_interface/lib/python3.12/site-packages/ugv_interface/ugv_interface_s__rosidl_typesupport_c.so\n'}
[14.556824] (ugv_interface) StdoutLine: {'line': b'-- Installing: /home/nameless/ugv_ws_jazzy_port/install/ugv_interface/lib/python3.12/site-packages/ugv_interface/_ugv_interface_s.ep.rosidl_typesupport_c.c\n'}
[14.571624] (-) TimerEvent: {}
[14.633018] (ugv_interface) StdoutLine: {'line': b"Listing '/home/nameless/ugv_ws_jazzy_port/install/ugv_interface/lib/python3.12/site-packages/ugv_interface'...\n"}
[14.633341] (ugv_interface) StdoutLine: {'line': b"Compiling '/home/nameless/ugv_ws_jazzy_port/install/ugv_interface/lib/python3.12/site-packages/ugv_interface/__init__.py'...\n"}
[14.633454] (ugv_interface) StdoutLine: {'line': b"Listing '/home/nameless/ugv_ws_jazzy_port/install/ugv_interface/lib/python3.12/site-packages/ugv_interface/action'...\n"}
[14.633575] (ugv_interface) StdoutLine: {'line': b"Compiling '/home/nameless/ugv_ws_jazzy_port/install/ugv_interface/lib/python3.12/site-packages/ugv_interface/action/__init__.py'...\n"}
[14.633684] (ugv_interface) StdoutLine: {'line': b"Compiling '/home/nameless/ugv_ws_jazzy_port/install/ugv_interface/lib/python3.12/site-packages/ugv_interface/action/_behavior.py'...\n"}
[14.633776] (ugv_interface) StdoutLine: {'line': b"Listing '/home/nameless/ugv_ws_jazzy_port/install/ugv_interface/lib/python3.12/site-packages/ugv_interface/srv'...\n"}
[14.633865] (ugv_interface) StdoutLine: {'line': b"Compiling '/home/nameless/ugv_ws_jazzy_port/install/ugv_interface/lib/python3.12/site-packages/ugv_interface/srv/__init__.py'...\n"}
[14.633977] (ugv_interface) StdoutLine: {'line': b"Compiling '/home/nameless/ugv_ws_jazzy_port/install/ugv_interface/lib/python3.12/site-packages/ugv_interface/srv/_map_save.py'...\n"}
[14.645986] (ugv_interface) StdoutLine: {'line': b'-- Installing: /home/nameless/ugv_ws_jazzy_port/install/ugv_interface/lib/python3.12/site-packages/ugv_interface/ugv_interface_s__rosidl_typesupport_fastrtps_c.so\n'}
[14.646551] (ugv_interface) StdoutLine: {'line': b'-- Set non-toolchain portion of runtime path of "/home/nameless/ugv_ws_jazzy_port/install/ugv_interface/lib/python3.12/site-packages/ugv_interface/ugv_interface_s__rosidl_typesupport_fastrtps_c.so" to ""\n'}
[14.646902] (ugv_interface) StdoutLine: {'line': b'-- Installing: /home/nameless/ugv_ws_jazzy_port/install/ugv_interface/lib/python3.12/site-packages/ugv_interface/ugv_interface_s__rosidl_typesupport_introspection_c.so\n'}
[14.647470] (ugv_interface) StdoutLine: {'line': b'-- Set non-toolchain portion of runtime path of "/home/nameless/ugv_ws_jazzy_port/install/ugv_interface/lib/python3.12/site-packages/ugv_interface/ugv_interface_s__rosidl_typesupport_introspection_c.so" to ""\n'}
[14.647798] (ugv_interface) StdoutLine: {'line': b'-- Installing: /home/nameless/ugv_ws_jazzy_port/install/ugv_interface/lib/python3.12/site-packages/ugv_interface/ugv_interface_s__rosidl_typesupport_c.so\n'}
[14.648386] (ugv_interface) StdoutLine: {'line': b'-- Set non-toolchain portion of runtime path of "/home/nameless/ugv_ws_jazzy_port/install/ugv_interface/lib/python3.12/site-packages/ugv_interface/ugv_interface_s__rosidl_typesupport_c.so" to ""\n'}
[14.648526] (ugv_interface) StdoutLine: {'line': b'-- Installing: /home/nameless/ugv_ws_jazzy_port/install/ugv_interface/lib/libugv_interface__rosidl_generator_py.so\n'}
[14.649171] (ugv_interface) StdoutLine: {'line': b'-- Set non-toolchain portion of runtime path of "/home/nameless/ugv_ws_jazzy_port/install/ugv_interface/lib/libugv_interface__rosidl_generator_py.so" to ""\n'}
[14.649360] (ugv_interface) StdoutLine: {'line': b'-- Installing: /home/nameless/ugv_ws_jazzy_port/install/ugv_interface/share/ament_index/resource_index/rust_packages/ugv_interface\n'}
[14.649492] (ugv_interface) StdoutLine: {'line': b'-- Installing: /home/nameless/ugv_ws_jazzy_port/install/ugv_interface/share/ugv_interface/rust\n'}
[14.649609] (ugv_interface) StdoutLine: {'line': b'-- Installing: /home/nameless/ugv_ws_jazzy_port/install/ugv_interface/share/ugv_interface/rust/src\n'}
[14.649722] (ugv_interface) StdoutLine: {'line': b'-- Installing: /home/nameless/ugv_ws_jazzy_port/install/ugv_interface/share/ugv_interface/rust/src/srv\n'}
[14.649837] (ugv_interface) StdoutLine: {'line': b'-- Installing: /home/nameless/ugv_ws_jazzy_port/install/ugv_interface/share/ugv_interface/rust/src/srv/rmw.rs\n'}
[14.649961] (ugv_interface) StdoutLine: {'line': b'-- Installing: /home/nameless/ugv_ws_jazzy_port/install/ugv_interface/share/ugv_interface/rust/src/action.rs\n'}
[14.650077] (ugv_interface) StdoutLine: {'line': b'-- Installing: /home/nameless/ugv_ws_jazzy_port/install/ugv_interface/share/ugv_interface/rust/src/action\n'}
[14.650196] (ugv_interface) StdoutLine: {'line': b'-- Installing: /home/nameless/ugv_ws_jazzy_port/install/ugv_interface/share/ugv_interface/rust/src/action/rmw.rs\n'}
[14.650367] (ugv_interface) StdoutLine: {'line': b'-- Installing: /home/nameless/ugv_ws_jazzy_port/install/ugv_interface/share/ugv_interface/rust/src/lib.rs\n'}
[14.650566] (ugv_interface) StdoutLine: {'line': b'-- Installing: /home/nameless/ugv_ws_jazzy_port/install/ugv_interface/share/ugv_interface/rust/src/srv.rs\n'}
[14.650690] (ugv_interface) StdoutLine: {'line': b'-- Installing: /home/nameless/ugv_ws_jazzy_port/install/ugv_interface/share/ugv_interface/rust/build.rs\n'}
[14.650803] (ugv_interface) StdoutLine: {'line': b'-- Installing: /home/nameless/ugv_ws_jazzy_port/install/ugv_interface/share/ugv_interface/rust/Cargo.toml\n'}
[14.650945] (ugv_interface) StdoutLine: {'line': b'-- Installing: /home/nameless/ugv_ws_jazzy_port/install/ugv_interface/share/ugv_interface/srv/MapSave.idl\n'}
[14.651131] (ugv_interface) StdoutLine: {'line': b'-- Installing: /home/nameless/ugv_ws_jazzy_port/install/ugv_interface/share/ugv_interface/action/Behavior.idl\n'}
[14.651318] (ugv_interface) StdoutLine: {'line': b'-- Installing: /home/nameless/ugv_ws_jazzy_port/install/ugv_interface/share/ugv_interface/srv/MapSave.srv\n'}
[14.651517] (ugv_interface) StdoutLine: {'line': b'-- Installing: /home/nameless/ugv_ws_jazzy_port/install/ugv_interface/share/ugv_interface/action/Behavior.action\n'}
[14.651707] (ugv_interface) StdoutLine: {'line': b'-- Up-to-date: /home/nameless/ugv_ws_jazzy_port/install/ugv_interface/share/ugv_interface/srv\n'}
[14.651817] (ugv_interface) StdoutLine: {'line': b'-- Up-to-date: /home/nameless/ugv_ws_jazzy_port/install/ugv_interface/share/ugv_interface/srv/MapSave.srv\n'}
[14.654031] (ugv_interface) StdoutLine: {'line': b'-- Up-to-date: /home/nameless/ugv_ws_jazzy_port/install/ugv_interface/share/ugv_interface/action\n'}
[14.654186] (ugv_interface) StdoutLine: {'line': b'-- Up-to-date: /home/nameless/ugv_ws_jazzy_port/install/ugv_interface/share/ugv_interface/action/Behavior.action\n'}
[14.654284] (ugv_interface) StdoutLine: {'line': b'-- Installing: /home/nameless/ugv_ws_jazzy_port/install/ugv_interface/share/ament_index/resource_index/package_run_dependencies/ugv_interface\n'}
[14.654373] (ugv_interface) StdoutLine: {'line': b'-- Installing: /home/nameless/ugv_ws_jazzy_port/install/ugv_interface/share/ament_index/resource_index/parent_prefix_path/ugv_interface\n'}
[14.654469] (ugv_interface) StdoutLine: {'line': b'-- Installing: /home/nameless/ugv_ws_jazzy_port/install/ugv_interface/share/ugv_interface/environment/ament_prefix_path.sh\n'}
[14.654567] (ugv_interface) StdoutLine: {'line': b'-- Installing: /home/nameless/ugv_ws_jazzy_port/install/ugv_interface/share/ugv_interface/environment/ament_prefix_path.dsv\n'}
[14.654683] (ugv_interface) StdoutLine: {'line': b'-- Installing: /home/nameless/ugv_ws_jazzy_port/install/ugv_interface/share/ugv_interface/environment/path.sh\n'}
[14.654779] (ugv_interface) StdoutLine: {'line': b'-- Installing: /home/nameless/ugv_ws_jazzy_port/install/ugv_interface/share/ugv_interface/environment/path.dsv\n'}
[14.654902] (ugv_interface) StdoutLine: {'line': b'-- Installing: /home/nameless/ugv_ws_jazzy_port/install/ugv_interface/share/ugv_interface/local_setup.bash\n'}
[14.655010] (ugv_interface) StdoutLine: {'line': b'-- Installing: /home/nameless/ugv_ws_jazzy_port/install/ugv_interface/share/ugv_interface/local_setup.sh\n'}
[14.655107] (ugv_interface) StdoutLine: {'line': b'-- Installing: /home/nameless/ugv_ws_jazzy_port/install/ugv_interface/share/ugv_interface/local_setup.zsh\n'}
[14.655202] (ugv_interface) StdoutLine: {'line': b'-- Installing: /home/nameless/ugv_ws_jazzy_port/install/ugv_interface/share/ugv_interface/local_setup.dsv\n'}
[14.655295] (ugv_interface) StdoutLine: {'line': b'-- Installing: /home/nameless/ugv_ws_jazzy_port/install/ugv_interface/share/ugv_interface/package.dsv\n'}
[14.655420] (ugv_interface) StdoutLine: {'line': b'-- Installing: /home/nameless/ugv_ws_jazzy_port/install/ugv_interface/share/ament_index/resource_index/packages/ugv_interface\n'}
[14.655527] (ugv_interface) StdoutLine: {'line': b'-- Installing: /home/nameless/ugv_ws_jazzy_port/install/ugv_interface/share/ugv_interface/cmake/export_ugv_interface__rosidl_generator_cExport.cmake\n'}
[14.655614] (ugv_interface) StdoutLine: {'line': b'-- Installing: /home/nameless/ugv_ws_jazzy_port/install/ugv_interface/share/ugv_interface/cmake/export_ugv_interface__rosidl_generator_cExport-noconfig.cmake\n'}
[14.655706] (ugv_interface) StdoutLine: {'line': b'-- Installing: /home/nameless/ugv_ws_jazzy_port/install/ugv_interface/share/ugv_interface/cmake/export_ugv_interface__rosidl_typesupport_fastrtps_cExport.cmake\n'}
[14.655822] (ugv_interface) StdoutLine: {'line': b'-- Installing: /home/nameless/ugv_ws_jazzy_port/install/ugv_interface/share/ugv_interface/cmake/export_ugv_interface__rosidl_typesupport_fastrtps_cExport-noconfig.cmake\n'}
[14.655946] (ugv_interface) StdoutLine: {'line': b'-- Installing: /home/nameless/ugv_ws_jazzy_port/install/ugv_interface/share/ugv_interface/cmake/ugv_interface__rosidl_typesupport_introspection_cExport.cmake\n'}
[14.656058] (ugv_interface) StdoutLine: {'line': b'-- Installing: /home/nameless/ugv_ws_jazzy_port/install/ugv_interface/share/ugv_interface/cmake/ugv_interface__rosidl_typesupport_introspection_cExport-noconfig.cmake\n'}
[14.656149] (ugv_interface) StdoutLine: {'line': b'-- Installing: /home/nameless/ugv_ws_jazzy_port/install/ugv_interface/share/ugv_interface/cmake/ugv_interface__rosidl_typesupport_cExport.cmake\n'}
[14.656237] (ugv_interface) StdoutLine: {'line': b'-- Installing: /home/nameless/ugv_ws_jazzy_port/install/ugv_interface/share/ugv_interface/cmake/ugv_interface__rosidl_typesupport_cExport-noconfig.cmake\n'}
[14.656332] (ugv_interface) StdoutLine: {'line': b'-- Installing: /home/nameless/ugv_ws_jazzy_port/install/ugv_interface/share/ugv_interface/cmake/export_ugv_interface__rosidl_generator_cppExport.cmake\n'}
[14.656465] (ugv_interface) StdoutLine: {'line': b'-- Installing: /home/nameless/ugv_ws_jazzy_port/install/ugv_interface/share/ugv_interface/cmake/export_ugv_interface__rosidl_typesupport_fastrtps_cppExport.cmake\n'}
[14.656599] (ugv_interface) StdoutLine: {'line': b'-- Installing: /home/nameless/ugv_ws_jazzy_port/install/ugv_interface/share/ugv_interface/cmake/export_ugv_interface__rosidl_typesupport_fastrtps_cppExport-noconfig.cmake\n'}
[14.656723] (ugv_interface) StdoutLine: {'line': b'-- Installing: /home/nameless/ugv_ws_jazzy_port/install/ugv_interface/share/ugv_interface/cmake/ugv_interface__rosidl_typesupport_introspection_cppExport.cmake\n'}
[14.656841] (ugv_interface) StdoutLine: {'line': b'-- Installing: /home/nameless/ugv_ws_jazzy_port/install/ugv_interface/share/ugv_interface/cmake/ugv_interface__rosidl_typesupport_introspection_cppExport-noconfig.cmake\n'}
[14.657074] (ugv_interface) StdoutLine: {'line': b'-- Installing: /home/nameless/ugv_ws_jazzy_port/install/ugv_interface/share/ugv_interface/cmake/ugv_interface__rosidl_typesupport_cppExport.cmake\n'}
[14.657262] (ugv_interface) StdoutLine: {'line': b'-- Installing: /home/nameless/ugv_ws_jazzy_port/install/ugv_interface/share/ugv_interface/cmake/ugv_interface__rosidl_typesupport_cppExport-noconfig.cmake\n'}
[14.657473] (ugv_interface) StdoutLine: {'line': b'-- Installing: /home/nameless/ugv_ws_jazzy_port/install/ugv_interface/share/ugv_interface/cmake/export_ugv_interface__rosidl_generator_pyExport.cmake\n'}
[14.657658] (ugv_interface) StdoutLine: {'line': b'-- Installing: /home/nameless/ugv_ws_jazzy_port/install/ugv_interface/share/ugv_interface/cmake/export_ugv_interface__rosidl_generator_pyExport-noconfig.cmake\n'}
[14.657844] (ugv_interface) StdoutLine: {'line': b'-- Installing: /home/nameless/ugv_ws_jazzy_port/install/ugv_interface/share/ugv_interface/cmake/rosidl_cmake-extras.cmake\n'}
[14.658039] (ugv_interface) StdoutLine: {'line': b'-- Installing: /home/nameless/ugv_ws_jazzy_port/install/ugv_interface/share/ugv_interface/cmake/ament_cmake_export_dependencies-extras.cmake\n'}
[14.658229] (ugv_interface) StdoutLine: {'line': b'-- Installing: /home/nameless/ugv_ws_jazzy_port/install/ugv_interface/share/ugv_interface/cmake/ament_cmake_export_include_directories-extras.cmake\n'}
[14.658428] (ugv_interface) StdoutLine: {'line': b'-- Installing: /home/nameless/ugv_ws_jazzy_port/install/ugv_interface/share/ugv_interface/cmake/ament_cmake_export_libraries-extras.cmake\n'}
[14.658602] (ugv_interface) StdoutLine: {'line': b'-- Installing: /home/nameless/ugv_ws_jazzy_port/install/ugv_interface/share/ugv_interface/cmake/ament_cmake_export_targets-extras.cmake\n'}
[14.658776] (ugv_interface) StdoutLine: {'line': b'-- Installing: /home/nameless/ugv_ws_jazzy_port/install/ugv_interface/share/ugv_interface/cmake/rosidl_cmake_export_typesupport_targets-extras.cmake\n'}
[14.659002] (ugv_interface) StdoutLine: {'line': b'-- Installing: /home/nameless/ugv_ws_jazzy_port/install/ugv_interface/share/ugv_interface/cmake/rosidl_cmake_export_typesupport_libraries-extras.cmake\n'}
[14.659185] (ugv_interface) StdoutLine: {'line': b'-- Installing: /home/nameless/ugv_ws_jazzy_port/install/ugv_interface/share/ugv_interface/cmake/ugv_interfaceConfig.cmake\n'}
[14.659331] (ugv_interface) StdoutLine: {'line': b'-- Installing: /home/nameless/ugv_ws_jazzy_port/install/ugv_interface/share/ugv_interface/cmake/ugv_interfaceConfig-version.cmake\n'}
[14.659505] (ugv_interface) StdoutLine: {'line': b'-- Installing: /home/nameless/ugv_ws_jazzy_port/install/ugv_interface/share/ugv_interface/package.xml\n'}
[14.663005] (ugv_interface) CommandEnded: {'returncode': 0}
[14.672138] (-) TimerEvent: {}
[14.694384] (ugv_interface) JobEnded: {'identifier': 'ugv_interface', 'rc': 0}
[14.695510] (-) EventReactorShutdown: {}
